Branch,Career_Suggestion,Brief_Description
Computer Science,AI Engineer,Develops intelligent algorithms and systems capable of learning and decision-making.
Agriculture,Agricultural Engineer,Applies engineering principles to agricultural production and processing.
Media,PR Specialist,Manages the public image and reputation of an organization or individual.
Law,Legal Researcher,Conducts research on legal issues to assist lawyers or judges.
Medical,Radiologist,Uses medical imaging like X-rays and MRIs to diagnose illnesses.
Medical,Surgeon,"Performs operations to treat injuries, diseases, and deformities."
Management,Marketing Manager,Develops strategies to promote products and services to customers.
Environmental Science,Wildlife Biologist,Studies animals and their behavior in their natural habitats.
Education,Curriculum Developer,Designs educational materials and learning programs.
Computer Science,Machine Learning Engineer,Specializes in creating self-learning applications that improve over time.
Environmental Science,Environmental Consultant,Provides advice on environmental issues and compliance with regulations.
Hotel Management,Hotel Manager,Ensures the smooth operation of a hotel and provides high-quality guest service.
Environmental Science,Wildlife Biologist,Studies animals and their behavior in their natural habitats.
Commerce,Cost Accountant,Analyzes the costs associated with producing goods and services.
Medical,Surgeon,"Performs operations to treat injuries, diseases, and deformities."
Pharmacy,Regulatory Affairs Officer,Ensures that products comply with government regulations.
Management,Supply Chain Manager,Coordinates the flow of goods and services from raw materials to customers.
Hotel Management,Executive Chef,Oversees the kitchen operations and menu development in a restaurant or hotel.
Law,Judge,Presides over legal proceedings and ensures justice is served.
Computer Science,Machine Learning Engineer,Specializes in creating self-learning applications that improve over time.
Media,Film Director,"Oversees the creative aspects of filmmaking, including acting and camera work."
Education,Educational Administrator,Oversees the administrative operations of schools or universities.
Information Technology,IT Project Manager,Plans and executes IT-related projects within an organization.
Banking,Branch Manager,Oversees the operations and staff of a specific bank branch.
Education,Curriculum Developer,Designs educational materials and learning programs.
Education,Special Education Teacher,Educates students with physical or learning disabilities.
Media,Film Director,"Oversees the creative aspects of filmmaking, including acting and camera work."
Law,Legal Advisor,Offers expert legal guidance to individuals or organizations.
Civil Engineering,Geotechnical Engineer,Analyzes soil and rock to determine their suitability for construction.
Civil Engineering,Construction Manager,Plans and coordinates all aspects of the construction process.
Banking,Relationship Manager,Focuses on maintaining and improving relationships with bank clients.
Law,Corporate Counsel,Provides legal advice to corporations on business and regulatory matters.
Banking,Investment Banker,Assists individuals and organizations in raising capital and provides financial advice.
Information Technology,Cloud Architect,Oversees a company's cloud computing strategy and deployment.
Robotics,Mechatronics Engineer,"Combines mechanical, electronic, and computer engineering."
Civil Engineering,Site Engineer,Oversees construction activities and ensures technical specifications are met.
Robotics,Robotics Engineer,Designs and builds robots and robotic systems.
Pharmacy,Toxicologist,Studies the effects of chemicals and drugs on living organisms.
Design,Product Designer,Focuses on the user experience and visual design of physical products.
Media,Content Creator,Produces engaging material for digital platforms like social media or blogs.
Management,Supply Chain Manager,Coordinates the flow of goods and services from raw materials to customers.
Media,Digital Marketer,Uses digital channels to promote products and services to consumers.
Management,Project Manager,Leads teams to complete projects on time and within budget.
Environmental Science,Sustainability Manager,Develops strategies to reduce an organization's environmental impact.
Information Technology,IT Project Manager,Plans and executes IT-related projects within an organization.
Law,Corporate Counsel,Provides legal advice to corporations on business and regulatory matters.
Information Technology,IT Project Manager,Plans and executes IT-related projects within an organization.
UPSC,Diplomat,Maintains international relations and represents their country abroad.
Education,Professor,Conducts research and teaches students at colleges or universities.
Commerce,Stock Broker,Buys and sells stocks and other securities on behalf of clients.
Pharmacy,Regulatory Affairs Officer,Ensures that products comply with government regulations.
Civil Engineering,Construction Manager,Plans and coordinates all aspects of the construction process.
Design,UI/UX Designer,Designs digital interfaces to provide a seamless user experience.
Civil Engineering,Site Engineer,Oversees construction activities and ensures technical specifications are met.
Law,Legal Advisor,Offers expert legal guidance to individuals or organizations.
Banking,Risk Manager,Identifies and assesses threats to an organization's earning capacity.
UPSC,State Civil Services,Manages administrative tasks at the state government level.
Information Technology,Systems Analyst,Evaluates and improves computer systems for organizations.
Information Technology,Systems Analyst,Evaluates and improves computer systems for organizations.
Robotics,Robotics Technician,Assists engineers in building and maintaining robotic equipment.
Design,Graphic Designer,Creates visual concepts to communicate ideas that inspire or inform.
Pharmacy,Toxicologist,Studies the effects of chemicals and drugs on living organisms.
Computer Science,Software Developer,Builds and maintains software applications using various programming languages.
Pharmacy,Pharmacist,Dispenses prescription medications and provides advice on their safe use.
Design,Industrial Designer,Develops concepts for manufactured products like cars or electronics.
Commerce,Cost Accountant,Analyzes the costs associated with producing goods and services.
Management,Operations Manager,Ensures the efficient production of goods and services.
Pharmacy,Drug Safety Specialist,Monitors the safety of drugs once they are on the market.
Media,PR Specialist,Manages the public image and reputation of an organization or individual.
Hotel Management,Executive Chef,Oversees the kitchen operations and menu development in a restaurant or hotel.
UPSC,State Civil Services,Manages administrative tasks at the state government level.
Banking,Financial Analyst,"Assesses the performance of stocks, bonds, and other types of investments."
Banking,Branch Manager,Oversees the operations and staff of a specific bank branch.
UPSC,IRS Officer,Manages the collection and administration of direct and indirect taxes.
Media,Film Director,"Oversees the creative aspects of filmmaking, including acting and camera work."
UPSC,IFS Officer,Represents the country in international diplomatic missions.
UPSC,State Civil Services,Manages administrative tasks at the state government level.
Media,Journalist,Researches and reports on news stories for various media outlets.
Law,Mediator,Helps parties in a dispute reach a mutually agreeable settlement.
Commerce,Cost Accountant,Analyzes the costs associated with producing goods and services.
UPSC,Revenue Officer,Oversees the assessment and collection of government revenue.
Agriculture,Food Scientist,Researches ways to improve the safety and shelf life of food products.
Information Technology,IT Project Manager,Plans and executes IT-related projects within an organization.
Computer Science,Software Developer,Builds and maintains software applications using various programming languages.
Civil Engineering,Urban Planner,Develops plans for land use in cities and communities.
Hotel Management,Hospitality Consultant,Advises hospitality businesses on improving operations and profitability.
Medical,Surgeon,"Performs operations to treat injuries, diseases, and deformities."
Pharmacy,Pharmaceutical Sales Rep,Promotes and sells pharmaceutical products to healthcare professionals.
Design,UI/UX Designer,Designs digital interfaces to provide a seamless user experience.
Banking,Financial Analyst,"Assesses the performance of stocks, bonds, and other types of investments."
Medical,Nurse,Provides care to patients and assists doctors in medical treatments.
Management,HR Manager,"Oversees employee recruitment, benefits, and workplace culture."
UPSC,IAS Officer,Administrative head of various government departments and districts.
UPSC,Revenue Officer,Oversees the assessment and collection of government revenue.
Education,School Teacher,Educates students in primary or secondary schools.
Medical,General Practitioner,Provides primary healthcare and treats common medical conditions.
Commerce,Financial Controller,Oversees an organization's accounting and financial reporting.
Media,Content Creator,Produces engaging material for digital platforms like social media or blogs.
Pharmacy,Regulatory Affairs Officer,Ensures that products comply with government regulations.
Pharmacy,Clinical Researcher,Conducts trials to determine the safety and effectiveness of medications.
Hotel Management,Hospitality Consultant,Advises hospitality businesses on improving operations and profitability.
Banking,Investment Banker,Assists individuals and organizations in raising capital and provides financial advice.
Design,UI/UX Designer,Designs digital interfaces to provide a seamless user experience.
Management,Operations Manager,Ensures the efficient production of goods and services.
Information Technology,IT Consultant,Advises organizations on how to use information technology to meet business objectives.
Computer Science,Data Scientist,Analyzes complex data to help organizations make informed business decisions.
Pharmacy,Clinical Researcher,Conducts trials to determine the safety and effectiveness of medications.
Management,Marketing Manager,Develops strategies to promote products and services to customers.
Media,PR Specialist,Manages the public image and reputation of an organization or individual.
Medical,Pediatrician,"Specializes in the medical care of infants, children, and adolescents."
Media,Copywriter,Writes persuasive text for advertisements and marketing materials.
Robotics,Control Systems Engineer,Designs systems that manage and regulate the behavior of other devices.
Civil Engineering,Structural Engineer,Designs structures like buildings and bridges to withstand stress.
Pharmacy,Drug Safety Specialist,Monitors the safety of drugs once they are on the market.
Commerce,Stock Broker,Buys and sells stocks and other securities on behalf of clients.
Civil Engineering,Site Engineer,Oversees construction activities and ensures technical specifications are met.
Computer Science,AI Engineer,Develops intelligent algorithms and systems capable of learning and decision-making.
Environmental Science,Environmental Consultant,Provides advice on environmental issues and compliance with regulations.
Banking,Risk Manager,Identifies and assesses threats to an organization's earning capacity.
Management,HR Manager,"Oversees employee recruitment, benefits, and workplace culture."
Commerce,Accountant,Prepares and examines financial records.
Agriculture,Farm Manager,Oversees the daily operations of a farm or agricultural facility.
Medical,Anesthesiologist,Administers anesthesia and monitors patients during surgery.
Pharmacy,Drug Safety Specialist,Monitors the safety of drugs once they are on the market.
Education,Education Consultant,Provides advice on educational programs and curriculum development.
Environmental Science,Sustainability Manager,Develops strategies to reduce an organization's environmental impact.
Design,Interior Designer,Plans and furnishes the interiors of private homes and commercial buildings.
Pharmacy,Pharmacist,Dispenses prescription medications and provides advice on their safe use.
Information Technology,Database Administrator,Uses specialized software to store and organize data.
Media,News Anchor,Presents news stories on television or radio broadcasts.
UPSC,Diplomat,Maintains international relations and represents their country abroad.
Design,Fashion Designer,"Creates original clothing, accessories, and footwear."
Banking,Loan Officer,"Evaluates and authorizes applications for commercial, real estate, or personal loans."
Hotel Management,Front Office Manager,Manages the reception and guest services in a hotel.
Law,Lawyer,Provides legal advice and represents clients in legal proceedings.
Education,School Teacher,Educates students in primary or secondary schools.
Robotics,Automation Specialist,Develops systems to automate industrial processes.
Education,Special Education Teacher,Educates students with physical or learning disabilities.
Hotel Management,Hotel Manager,Ensures the smooth operation of a hotel and provides high-quality guest service.
Environmental Science,Conservation Scientist,Manages and protects natural resources like forests and soil.
Environmental Science,Environmental Consultant,Provides advice on environmental issues and compliance with regulations.
Pharmacy,Pharmaceutical Sales Rep,Promotes and sells pharmaceutical products to healthcare professionals.
Robotics,Research Scientist,Conducts experiments to advance knowledge in a specific field.
Hotel Management,Sommelier,Expert in wine selection and service in high-end restaurants.
Law,Legal Researcher,Conducts research on legal issues to assist lawyers or judges.
Law,Legal Researcher,Conducts research on legal issues to assist lawyers or judges.
Robotics,Robotics Engineer,Designs and builds robots and robotic systems.
Environmental Science,Wildlife Biologist,Studies animals and their behavior in their natural habitats.
Hotel Management,Hotel Manager,Ensures the smooth operation of a hotel and provides high-quality guest service.
Commerce,Tax Consultant,Provides advice on tax planning and ensures compliance with tax laws.
Commerce,Accountant,Prepares and examines financial records.
Agriculture,Farm Manager,Oversees the daily operations of a farm or agricultural facility.
Banking,Financial Analyst,"Assesses the performance of stocks, bonds, and other types of investments."
Design,UI/UX Designer,Designs digital interfaces to provide a seamless user experience.
Information Technology,Database Administrator,Uses specialized software to store and organize data.
Civil Engineering,Structural Engineer,Designs structures like buildings and bridges to withstand stress.
Robotics,Research Scientist,Conducts experiments to advance knowledge in a specific field.
Education,School Teacher,Educates students in primary or secondary schools.
Information Technology,IT Project Manager,Plans and executes IT-related projects within an organization.
Banking,Financial Analyst,"Assesses the performance of stocks, bonds, and other types of investments."
Agriculture,Agronomist,Expert in soil management and field-crop production.
Hotel Management,Sommelier,Expert in wine selection and service in high-end restaurants.
Information Technology,Database Administrator,Uses specialized software to store and organize data.
Environmental Science,Climate Change Analyst,Researches the causes and effects of climate change.
Civil Engineering,Structural Engineer,Designs structures like buildings and bridges to withstand stress.
Banking,Investment Banker,Assists individuals and organizations in raising capital and provides financial advice.
Design,UI/UX Designer,Designs digital interfaces to provide a seamless user experience.
Commerce,Stock Broker,Buys and sells stocks and other securities on behalf of clients.
Media,Copywriter,Writes persuasive text for advertisements and marketing materials.
Hotel Management,Sommelier,Expert in wine selection and service in high-end restaurants.
Computer Science,Cybersecurity Analyst,Protects an organization's computer networks and systems from cyber threats.
Computer Science,Machine Learning Engineer,Specializes in creating self-learning applications that improve over time.
Design,Art Director,"Oversees the visual style and images in magazines, newspapers, or films."
UPSC,Diplomat,Maintains international relations and represents their country abroad.
Banking,Investment Banker,Assists individuals and organizations in raising capital and provides financial advice.
Hotel Management,Hospitality Consultant,Advises hospitality businesses on improving operations and profitability.
Media,News Anchor,Presents news stories on television or radio broadcasts.
Information Technology,IT Project Manager,Plans and executes IT-related projects within an organization.
Information Technology,DevOps Engineer,Combines software development and IT operations to shorten the development lifecycle.
Banking,Credit Analyst,Evaluates the creditworthiness of individuals or businesses.
Design,Fashion Designer,"Creates original clothing, accessories, and footwear."
Commerce,Company Secretary,Ensures an organization complies with legal and regulatory requirements.
Information Technology,IT Consultant,Advises organizations on how to use information technology to meet business objectives.
Education,Special Education Teacher,Educates students with physical or learning disabilities.
Management,Marketing Manager,Develops strategies to promote products and services to customers.
Agriculture,Plant Pathologist,Studies plant diseases to improve crop health.
Medical,Radiologist,Uses medical imaging like X-rays and MRIs to diagnose illnesses.
UPSC,Diplomat,Maintains international relations and represents their country abroad.
Agriculture,Agricultural Engineer,Applies engineering principles to agricultural production and processing.
UPSC,IRS Officer,Manages the collection and administration of direct and indirect taxes.
Commerce,Auditor,Verifies the accuracy of financial statements and ensures compliance with laws.
Information Technology,IT Consultant,Advises organizations on how to use information technology to meet business objectives.
Pharmacy,Drug Safety Specialist,Monitors the safety of drugs once they are on the market.
Agriculture,Food Scientist,Researches ways to improve the safety and shelf life of food products.
Media,Journalist,Researches and reports on news stories for various media outlets.
Robotics,Mechatronics Engineer,"Combines mechanical, electronic, and computer engineering."
Environmental Science,Sustainability Manager,Develops strategies to reduce an organization's environmental impact.
Robotics,Research Scientist,Conducts experiments to advance knowledge in a specific field.
Banking,Relationship Manager,Focuses on maintaining and improving relationships with bank clients.
Management,Product Manager,Guides the success of a product and leads the cross-functional team that improves it.
Environmental Science,Conservation Scientist,Manages and protects natural resources like forests and soil.
Media,PR Specialist,Manages the public image and reputation of an organization or individual.
Computer Science,Software Architect,Makes high-level design choices and dictates technical standards.
Pharmacy,Clinical Researcher,Conducts trials to determine the safety and effectiveness of medications.
Media,Digital Marketer,Uses digital channels to promote products and services to consumers.
Medical,Surgeon,"Performs operations to treat injuries, diseases, and deformities."
Education,School Teacher,Educates students in primary or secondary schools.
Robotics,Research Scientist,Conducts experiments to advance knowledge in a specific field.
Banking,Financial Analyst,"Assesses the performance of stocks, bonds, and other types of investments."
Education,Education Consultant,Provides advice on educational programs and curriculum development.
Management,Marketing Manager,Develops strategies to promote products and services to customers.
Banking,Investment Banker,Assists individuals and organizations in raising capital and provides financial advice.
Design,Art Director,"Oversees the visual style and images in magazines, newspapers, or films."
Design,Industrial Designer,Develops concepts for manufactured products like cars or electronics.
Civil Engineering,Geotechnical Engineer,Analyzes soil and rock to determine their suitability for construction.
Agriculture,Agronomist,Expert in soil management and field-crop production.
Medical,General Practitioner,Provides primary healthcare and treats common medical conditions.
Computer Science,AI Engineer,Develops intelligent algorithms and systems capable of learning and decision-making.
Management,HR Manager,"Oversees employee recruitment, benefits, and workplace culture."
Pharmacy,Toxicologist,Studies the effects of chemicals and drugs on living organisms.
Design,Product Designer,Focuses on the user experience and visual design of physical products.
Medical,Anesthesiologist,Administers anesthesia and monitors patients during surgery.
Design,Graphic Designer,Creates visual concepts to communicate ideas that inspire or inform.
Medical,Anesthesiologist,Administers anesthesia and monitors patients during surgery.
Agriculture,Soil Scientist,Studies the physical and chemical properties of soils.
Hotel Management,Sommelier,Expert in wine selection and service in high-end restaurants.
Banking,Investment Banker,Assists individuals and organizations in raising capital and provides financial advice.
Pharmacy,Clinical Researcher,Conducts trials to determine the safety and effectiveness of medications.
Civil Engineering,Transportation Engineer,Plans and designs transportation systems like highways and railways.
Hotel Management,Hotel Manager,Ensures the smooth operation of a hotel and provides high-quality guest service.
Hotel Management,Hotel Manager,Ensures the smooth operation of a hotel and provides high-quality guest service.
Computer Science,Machine Learning Engineer,Specializes in creating self-learning applications that improve over time.
Design,Art Director,"Oversees the visual style and images in magazines, newspapers, or films."
Media,Journalist,Researches and reports on news stories for various media outlets.
Computer Science,Software Developer,Builds and maintains software applications using various programming languages.
Media,Copywriter,Writes persuasive text for advertisements and marketing materials.
Education,Curriculum Developer,Designs educational materials and learning programs.
Civil Engineering,Transportation Engineer,Plans and designs transportation systems like highways and railways.
UPSC,Diplomat,Maintains international relations and represents their country abroad.
Medical,Radiologist,Uses medical imaging like X-rays and MRIs to diagnose illnesses.
Management,Business Consultant,Helps organizations solve problems and improve business performance.
UPSC,IAS Officer,Administrative head of various government departments and districts.
Education,Professor,Conducts research and teaches students at colleges or universities.
Banking,Loan Officer,"Evaluates and authorizes applications for commercial, real estate, or personal loans."
Agriculture,Farm Manager,Oversees the daily operations of a farm or agricultural facility.
Pharmacy,Toxicologist,Studies the effects of chemicals and drugs on living organisms.
Hotel Management,Catering Manager,Organizes food and beverage services for events.
Medical,Cardiologist,Specializes in diagnosing and treating diseases of the heart and blood vessels.
Media,News Anchor,Presents news stories on television or radio broadcasts.
Commerce,Auditor,Verifies the accuracy of financial statements and ensures compliance with laws.
Pharmacy,Toxicologist,Studies the effects of chemicals and drugs on living organisms.
Commerce,Accountant,Prepares and examines financial records.
Management,Operations Manager,Ensures the efficient production of goods and services.
Banking,Credit Analyst,Evaluates the creditworthiness of individuals or businesses.
Information Technology,DevOps Engineer,Combines software development and IT operations to shorten the development lifecycle.
Agriculture,Food Scientist,Researches ways to improve the safety and shelf life of food products.
Banking,Loan Officer,"Evaluates and authorizes applications for commercial, real estate, or personal loans."
Robotics,Control Systems Engineer,Designs systems that manage and regulate the behavior of other devices.
Media,Content Creator,Produces engaging material for digital platforms like social media or blogs.
Design,Fashion Designer,"Creates original clothing, accessories, and footwear."
Law,Judge,Presides over legal proceedings and ensures justice is served.
Media,Journalist,Researches and reports on news stories for various media outlets.
Civil Engineering,Construction Manager,Plans and coordinates all aspects of the construction process.
Medical,Radiologist,Uses medical imaging like X-rays and MRIs to diagnose illnesses.
UPSC,IRS Officer,Manages the collection and administration of direct and indirect taxes.
Civil Engineering,Urban Planner,Develops plans for land use in cities and communities.
Computer Science,Cybersecurity Analyst,Protects an organization's computer networks and systems from cyber threats.
UPSC,Diplomat,Maintains international relations and represents their country abroad.
Information Technology,DevOps Engineer,Combines software development and IT operations to shorten the development lifecycle.
Commerce,Financial Controller,Oversees an organization's accounting and financial reporting.
Pharmacy,Pharmaceutical Sales Rep,Promotes and sells pharmaceutical products to healthcare professionals.
Banking,Financial Analyst,"Assesses the performance of stocks, bonds, and other types of investments."
UPSC,State Civil Services,Manages administrative tasks at the state government level.
Design,Fashion Designer,"Creates original clothing, accessories, and footwear."
Computer Science,AI Engineer,Develops intelligent algorithms and systems capable of learning and decision-making.
Information Technology,Database Administrator,Uses specialized software to store and organize data.
Pharmacy,Toxicologist,Studies the effects of chemicals and drugs on living organisms.
Banking,Loan Officer,"Evaluates and authorizes applications for commercial, real estate, or personal loans."
Law,Mediator,Helps parties in a dispute reach a mutually agreeable settlement.
Pharmacy,Pharmaceutical Sales Rep,Promotes and sells pharmaceutical products to healthcare professionals.
Information Technology,DevOps Engineer,Combines software development and IT operations to shorten the development lifecycle.
Design,Industrial Designer,Develops concepts for manufactured products like cars or electronics.
Commerce,Financial Controller,Oversees an organization's accounting and financial reporting.
Civil Engineering,Construction Manager,Plans and coordinates all aspects of the construction process.
Pharmacy,Clinical Researcher,Conducts trials to determine the safety and effectiveness of medications.
Education,Special Education Teacher,Educates students with physical or learning disabilities.
Information Technology,DevOps Engineer,Combines software development and IT operations to shorten the development lifecycle.
UPSC,IFS Officer,Represents the country in international diplomatic missions.
Environmental Science,Ecologist,Studies the relationships between living organisms and their environment.
Civil Engineering,Structural Engineer,Designs structures like buildings and bridges to withstand stress.
Commerce,Financial Controller,Oversees an organization's accounting and financial reporting.
UPSC,State Civil Services,Manages administrative tasks at the state government level.
Education,Professor,Conducts research and teaches students at colleges or universities.
Agriculture,Soil Scientist,Studies the physical and chemical properties of soils.
Management,Business Consultant,Helps organizations solve problems and improve business performance.
Hotel Management,Hospitality Consultant,Advises hospitality businesses on improving operations and profitability.
Design,Art Director,"Oversees the visual style and images in magazines, newspapers, or films."
Design,Industrial Designer,Develops concepts for manufactured products like cars or electronics.
Robotics,Automation Specialist,Develops systems to automate industrial processes.
Medical,Nurse,Provides care to patients and assists doctors in medical treatments.
Banking,Risk Manager,Identifies and assesses threats to an organization's earning capacity.
Banking,Credit Analyst,Evaluates the creditworthiness of individuals or businesses.
Commerce,Company Secretary,Ensures an organization complies with legal and regulatory requirements.
Information Technology,DevOps Engineer,Combines software development and IT operations to shorten the development lifecycle.
Management,Supply Chain Manager,Coordinates the flow of goods and services from raw materials to customers.
UPSC,IRS Officer,Manages the collection and administration of direct and indirect taxes.
Environmental Science,Ecologist,Studies the relationships between living organisms and their environment.
Environmental Science,Climate Change Analyst,Researches the causes and effects of climate change.
Robotics,Mechatronics Engineer,"Combines mechanical, electronic, and computer engineering."
Information Technology,DevOps Engineer,Combines software development and IT operations to shorten the development lifecycle.
Computer Science,Machine Learning Engineer,Specializes in creating self-learning applications that improve over time.
UPSC,IRS Officer,Manages the collection and administration of direct and indirect taxes.
Design,Art Director,"Oversees the visual style and images in magazines, newspapers, or films."
UPSC,Revenue Officer,Oversees the assessment and collection of government revenue.
Design,Interior Designer,Plans and furnishes the interiors of private homes and commercial buildings.
Environmental Science,Climate Change Analyst,Researches the causes and effects of climate change.
Robotics,Control Systems Engineer,Designs systems that manage and regulate the behavior of other devices.
Management,Supply Chain Manager,Coordinates the flow of goods and services from raw materials to customers.
Law,Judge,Presides over legal proceedings and ensures justice is served.
Information Technology,IT Consultant,Advises organizations on how to use information technology to meet business objectives.
Agriculture,Plant Pathologist,Studies plant diseases to improve crop health.
Commerce,Accountant,Prepares and examines financial records.
Media,PR Specialist,Manages the public image and reputation of an organization or individual.
Computer Science,Cybersecurity Analyst,Protects an organization's computer networks and systems from cyber threats.
Law,Judge,Presides over legal proceedings and ensures justice is served.
Civil Engineering,Transportation Engineer,Plans and designs transportation systems like highways and railways.
Agriculture,Agricultural Engineer,Applies engineering principles to agricultural production and processing.
Education,School Teacher,Educates students in primary or secondary schools.
Hotel Management,Executive Chef,Oversees the kitchen operations and menu development in a restaurant or hotel.
Environmental Science,Environmental Consultant,Provides advice on environmental issues and compliance with regulations.
Banking,Branch Manager,Oversees the operations and staff of a specific bank branch.
Education,Special Education Teacher,Educates students with physical or learning disabilities.
Information Technology,DevOps Engineer,Combines software development and IT operations to shorten the development lifecycle.
Computer Science,Software Developer,Builds and maintains software applications using various programming languages.
Hotel Management,Executive Chef,Oversees the kitchen operations and menu development in a restaurant or hotel.
Commerce,Accountant,Prepares and examines financial records.
Hotel Management,Front Office Manager,Manages the reception and guest services in a hotel.
Design,Product Designer,Focuses on the user experience and visual design of physical products.
Commerce,Accountant,Prepares and examines financial records.
Commerce,Financial Controller,Oversees an organization's accounting and financial reporting.
UPSC,Diplomat,Maintains international relations and represents their country abroad.
Banking,Credit Analyst,Evaluates the creditworthiness of individuals or businesses.
Design,Interior Designer,Plans and furnishes the interiors of private homes and commercial buildings.
Management,Marketing Manager,Develops strategies to promote products and services to customers.
Pharmacy,Toxicologist,Studies the effects of chemicals and drugs on living organisms.
Computer Science,Cybersecurity Analyst,Protects an organization's computer networks and systems from cyber threats.
Design,Art Director,"Oversees the visual style and images in magazines, newspapers, or films."
Pharmacy,Drug Safety Specialist,Monitors the safety of drugs once they are on the market.
Banking,Investment Banker,Assists individuals and organizations in raising capital and provides financial advice.
Medical,Nurse,Provides care to patients and assists doctors in medical treatments.
Environmental Science,Conservation Scientist,Manages and protects natural resources like forests and soil.
Pharmacy,Pharmaceutical Sales Rep,Promotes and sells pharmaceutical products to healthcare professionals.
Medical,Pediatrician,"Specializes in the medical care of infants, children, and adolescents."
Robotics,Robotics Technician,Assists engineers in building and maintaining robotic equipment.
Robotics,Control Systems Engineer,Designs systems that manage and regulate the behavior of other devices.
Law,Public Prosecutor,Represents the government in criminal court cases.
Agriculture,Food Scientist,Researches ways to improve the safety and shelf life of food products.
Civil Engineering,Structural Engineer,Designs structures like buildings and bridges to withstand stress.
UPSC,IRS Officer,Manages the collection and administration of direct and indirect taxes.
Pharmacy,Drug Safety Specialist,Monitors the safety of drugs once they are on the market.
Banking,Investment Banker,Assists individuals and organizations in raising capital and provides financial advice.
Robotics,Robotics Technician,Assists engineers in building and maintaining robotic equipment.
Law,Corporate Counsel,Provides legal advice to corporations on business and regulatory matters.
Media,News Anchor,Presents news stories on television or radio broadcasts.
UPSC,IPS Officer,Responsible for maintaining law and order and public safety.
Design,Industrial Designer,Develops concepts for manufactured products like cars or electronics.
Hotel Management,Catering Manager,Organizes food and beverage services for events.
Computer Science,Cybersecurity Analyst,Protects an organization's computer networks and systems from cyber threats.
Computer Science,Data Scientist,Analyzes complex data to help organizations make informed business decisions.
Robotics,Robotics Engineer,Designs and builds robots and robotic systems.
Environmental Science,Sustainability Manager,Develops strategies to reduce an organization's environmental impact.
Law,Corporate Counsel,Provides legal advice to corporations on business and regulatory matters.
Computer Science,Data Scientist,Analyzes complex data to help organizations make informed business decisions.
Commerce,Accountant,Prepares and examines financial records.
Environmental Science,Wildlife Biologist,Studies animals and their behavior in their natural habitats.
Media,Content Creator,Produces engaging material for digital platforms like social media or blogs.
Education,Educational Administrator,Oversees the administrative operations of schools or universities.
Education,Education Consultant,Provides advice on educational programs and curriculum development.
Design,Graphic Designer,Creates visual concepts to communicate ideas that inspire or inform.
Environmental Science,Environmental Consultant,Provides advice on environmental issues and compliance with regulations.
UPSC,IFS Officer,Represents the country in international diplomatic missions.
Robotics,Robotics Engineer,Designs and builds robots and robotic systems.
Medical,Nurse,Provides care to patients and assists doctors in medical treatments.
Hotel Management,Executive Chef,Oversees the kitchen operations and menu development in a restaurant or hotel.
Computer Science,AI Engineer,Develops intelligent algorithms and systems capable of learning and decision-making.
UPSC,IFS Officer,Represents the country in international diplomatic missions.
Commerce,Stock Broker,Buys and sells stocks and other securities on behalf of clients.
Medical,Anesthesiologist,Administers anesthesia and monitors patients during surgery.
UPSC,Diplomat,Maintains international relations and represents their country abroad.
Design,Art Director,"Oversees the visual style and images in magazines, newspapers, or films."
Medical,Anesthesiologist,Administers anesthesia and monitors patients during surgery.
Commerce,Financial Controller,Oversees an organization's accounting and financial reporting.
Civil Engineering,Geotechnical Engineer,Analyzes soil and rock to determine their suitability for construction.
Banking,Investment Banker,Assists individuals and organizations in raising capital and provides financial advice.
Robotics,Research Scientist,Conducts experiments to advance knowledge in a specific field.
Banking,Financial Analyst,"Assesses the performance of stocks, bonds, and other types of investments."
Computer Science,Data Scientist,Analyzes complex data to help organizations make informed business decisions.
Law,Public Prosecutor,Represents the government in criminal court cases.
Agriculture,Food Scientist,Researches ways to improve the safety and shelf life of food products.
Pharmacy,Pharmacist,Dispenses prescription medications and provides advice on their safe use.
Environmental Science,Ecologist,Studies the relationships between living organisms and their environment.
Design,Fashion Designer,"Creates original clothing, accessories, and footwear."
Banking,Financial Analyst,"Assesses the performance of stocks, bonds, and other types of investments."
UPSC,State Civil Services,Manages administrative tasks at the state government level.
Environmental Science,Climate Change Analyst,Researches the causes and effects of climate change.
UPSC,IAS Officer,Administrative head of various government departments and districts.
Information Technology,Systems Analyst,Evaluates and improves computer systems for organizations.
Computer Science,Web Developer,"Designs and creates websites, ensuring they are functional and user-friendly."
Civil Engineering,Construction Manager,Plans and coordinates all aspects of the construction process.
Commerce,Tax Consultant,Provides advice on tax planning and ensures compliance with tax laws.
Computer Science,Machine Learning Engineer,Specializes in creating self-learning applications that improve over time.
Medical,Cardiologist,Specializes in diagnosing and treating diseases of the heart and blood vessels.
Robotics,Research Scientist,Conducts experiments to advance knowledge in a specific field.
Medical,Surgeon,"Performs operations to treat injuries, diseases, and deformities."
Medical,Nurse,Provides care to patients and assists doctors in medical treatments.
Agriculture,Farm Manager,Oversees the daily operations of a farm or agricultural facility.
Commerce,Accountant,Prepares and examines financial records.
Banking,Relationship Manager,Focuses on maintaining and improving relationships with bank clients.
Pharmacy,Pharmacist,Dispenses prescription medications and provides advice on their safe use.
Education,Curriculum Developer,Designs educational materials and learning programs.
Computer Science,Software Architect,Makes high-level design choices and dictates technical standards.
Design,Art Director,"Oversees the visual style and images in magazines, newspapers, or films."
Pharmacy,Clinical Researcher,Conducts trials to determine the safety and effectiveness of medications.
Robotics,Research Scientist,Conducts experiments to advance knowledge in a specific field.
Robotics,Control Systems Engineer,Designs systems that manage and regulate the behavior of other devices.
Commerce,Company Secretary,Ensures an organization complies with legal and regulatory requirements.
Media,Journalist,Researches and reports on news stories for various media outlets.
Robotics,Research Scientist,Conducts experiments to advance knowledge in a specific field.
Robotics,Automation Specialist,Develops systems to automate industrial processes.
Information Technology,IT Consultant,Advises organizations on how to use information technology to meet business objectives.
Pharmacy,Pharmaceutical Sales Rep,Promotes and sells pharmaceutical products to healthcare professionals.
Education,Educational Administrator,Oversees the administrative operations of schools or universities.
Agriculture,Plant Pathologist,Studies plant diseases to improve crop health.
Robotics,Mechatronics Engineer,"Combines mechanical, electronic, and computer engineering."
Hotel Management,Front Office Manager,Manages the reception and guest services in a hotel.
UPSC,Revenue Officer,Oversees the assessment and collection of government revenue.
Media,Journalist,Researches and reports on news stories for various media outlets.
Banking,Investment Banker,Assists individuals and organizations in raising capital and provides financial advice.
Environmental Science,Conservation Scientist,Manages and protects natural resources like forests and soil.
Environmental Science,Environmental Consultant,Provides advice on environmental issues and compliance with regulations.
Information Technology,Database Administrator,Uses specialized software to store and organize data.
Robotics,Robotics Technician,Assists engineers in building and maintaining robotic equipment.
Robotics,Research Scientist,Conducts experiments to advance knowledge in a specific field.
Banking,Credit Analyst,Evaluates the creditworthiness of individuals or businesses.
Agriculture,Agricultural Engineer,Applies engineering principles to agricultural production and processing.
Education,Curriculum Developer,Designs educational materials and learning programs.
Banking,Relationship Manager,Focuses on maintaining and improving relationships with bank clients.
Robotics,Robotics Engineer,Designs and builds robots and robotic systems.
Law,Public Prosecutor,Represents the government in criminal court cases.
UPSC,IFS Officer,Represents the country in international diplomatic missions.
Agriculture,Soil Scientist,Studies the physical and chemical properties of soils.
Hotel Management,Sommelier,Expert in wine selection and service in high-end restaurants.
Management,Operations Manager,Ensures the efficient production of goods and services.
Hotel Management,Front Office Manager,Manages the reception and guest services in a hotel.
Management,Marketing Manager,Develops strategies to promote products and services to customers.
Law,Legal Researcher,Conducts research on legal issues to assist lawyers or judges.
Civil Engineering,Site Engineer,Oversees construction activities and ensures technical specifications are met.
Design,Fashion Designer,"Creates original clothing, accessories, and footwear."
Management,Operations Manager,Ensures the efficient production of goods and services.
Management,Supply Chain Manager,Coordinates the flow of goods and services from raw materials to customers.
Medical,General Practitioner,Provides primary healthcare and treats common medical conditions.
Management,Project Manager,Leads teams to complete projects on time and within budget.
Civil Engineering,Urban Planner,Develops plans for land use in cities and communities.
Media,Film Director,"Oversees the creative aspects of filmmaking, including acting and camera work."
Design,Fashion Designer,"Creates original clothing, accessories, and footwear."
Law,Mediator,Helps parties in a dispute reach a mutually agreeable settlement.
Design,Industrial Designer,Develops concepts for manufactured products like cars or electronics.
Law,Lawyer,Provides legal advice and represents clients in legal proceedings.
Media,PR Specialist,Manages the public image and reputation of an organization or individual.
Robotics,Automation Specialist,Develops systems to automate industrial processes.
Pharmacy,Pharmacist,Dispenses prescription medications and provides advice on their safe use.
Information Technology,Systems Analyst,Evaluates and improves computer systems for organizations.
Hotel Management,Hotel Manager,Ensures the smooth operation of a hotel and provides high-quality guest service.
Law,Mediator,Helps parties in a dispute reach a mutually agreeable settlement.
UPSC,Revenue Officer,Oversees the assessment and collection of government revenue.
Environmental Science,Environmental Consultant,Provides advice on environmental issues and compliance with regulations.
Hotel Management,Hospitality Consultant,Advises hospitality businesses on improving operations and profitability.
Pharmacy,Pharmacist,Dispenses prescription medications and provides advice on their safe use.
Media,Content Creator,Produces engaging material for digital platforms like social media or blogs.
Design,Industrial Designer,Develops concepts for manufactured products like cars or electronics.
Law,Mediator,Helps parties in a dispute reach a mutually agreeable settlement.
Environmental Science,Sustainability Manager,Develops strategies to reduce an organization's environmental impact.
Hotel Management,Hotel Manager,Ensures the smooth operation of a hotel and provides high-quality guest service.
Management,Marketing Manager,Develops strategies to promote products and services to customers.
Commerce,Stock Broker,Buys and sells stocks and other securities on behalf of clients.
Robotics,Control Systems Engineer,Designs systems that manage and regulate the behavior of other devices.
UPSC,Revenue Officer,Oversees the assessment and collection of government revenue.
Banking,Credit Analyst,Evaluates the creditworthiness of individuals or businesses.
Environmental Science,Conservation Scientist,Manages and protects natural resources like forests and soil.
Management,Product Manager,Guides the success of a product and leads the cross-functional team that improves it.
Computer Science,Data Scientist,Analyzes complex data to help organizations make informed business decisions.
Agriculture,Food Scientist,Researches ways to improve the safety and shelf life of food products.
Robotics,Robotics Engineer,Designs and builds robots and robotic systems.
Agriculture,Food Scientist,Researches ways to improve the safety and shelf life of food products.
Information Technology,DevOps Engineer,Combines software development and IT operations to shorten the development lifecycle.
Environmental Science,Wildlife Biologist,Studies animals and their behavior in their natural habitats.
Pharmacy,Clinical Researcher,Conducts trials to determine the safety and effectiveness of medications.
Banking,Risk Manager,Identifies and assesses threats to an organization's earning capacity.
Management,Operations Manager,Ensures the efficient production of goods and services.
Information Technology,DevOps Engineer,Combines software development and IT operations to shorten the development lifecycle.
