Question,Answer
How can I prepare short notes for last-minute exam revision?,"Focus on key formulas, definitions, important diagrams, and bullet-point summaries from each chapter."
What is the best way to study one day before an internal exam?,"Revise important topics, solve previous questions, and avoid starting completely new chapters."
How do I identify important questions for semester exams?,Analyze previous year question papers and focus on frequently repeated topics.
How can I improve my answer presentation in written exams?,"Write clear headings, underline key terms, use diagrams where needed, and structure answers properly."
What should I do if I don’t understand a topic from class notes?,"Refer to textbooks, watch concept videos, and ask doubts from professors or classmates."
How can I complete my syllabus on time before exams?,Create a study timetable and divide chapters into daily targets.
How should I prepare for viva exams?,"Revise basic concepts, understand definitions clearly, and practice explaining topics verbally."
What is the best method to memorize formulas?,Practice writing formulas repeatedly and understand their derivations.
How can I score high marks in theory subjects?,"Write detailed answers with examples, proper structure, and relevant diagrams."
How do I manage time during a 3-hour exam?,Allocate time per section and avoid spending too long on one question.
How can I prepare effectively for lab practical exams?,"Revise procedures, understand experiment objectives, and practice writing observations correctly."
What should I include in assignment answers to get full marks?,"Clear explanations, diagrams, references, and properly formatted answers."
How can I overcome exam stress?,"Follow a study schedule, take breaks, and practice relaxation techniques."
What is the importance of solving previous year question papers?,They help understand exam patterns and important topics.
How can I improve concentration while studying?,Study in a distraction-free environment and use focused study sessions.
How do I write long answers effectively in exams?,"Start with a definition, explain the concept, add examples, and conclude briefly."
How can I revise multiple subjects in one day?,Divide time into slots and prioritize weaker subjects.
What is the best way to prepare for objective-type exams?,Practice MCQs regularly and revise key facts and formulas.
How can I avoid forgetting studied topics before exams?,Use regular revision and active recall techniques.
What should I do if I blank out during an exam?,"Stay calm, take a deep breath, and attempt easier questions first."
How can I prepare notes faster?,"Use bullet points, highlight keywords, and summarize paragraphs in your own words."
How do I write a good introduction in exam answers?,Start with a definition or basic explanation related to the question.
How can I prepare for surprise tests?,Revise topics regularly so you are prepared anytime.
What is the importance of internal assessments?,They contribute to final grades and improve understanding of concepts.
How can I improve handwriting for exams?,Practice writing neatly and maintain proper spacing between words.
How do I balance college lectures and self-study?,Revise daily after classes and allocate fixed study hours.
How should I prepare diagrams for exams?,Practice drawing labeled diagrams clearly and accurately.
How can I improve my understanding of numerical problems?,Practice step-by-step solutions and understand the formulas used.
What is the best way to study theoretical subjects?,"Read actively, make summaries, and revise repeatedly."
How can I score better in semester exams?,"Prepare thoroughly, revise regularly, and manage time efficiently during the exam."
How can I prepare for open-book exams?,Organize your notes properly and understand concepts instead of memorizing.
What should I do if syllabus is too vast?,Focus on high-weightage topics and important chapters first.
How can I prepare effective flashcards?,Write key terms on one side and explanations on the other.
How do I write conclusions in long answers?,Summarize the key points briefly in 2–3 lines.
How can I improve my class participation?,Prepare topics before lectures and ask relevant questions.
What is the best way to revise one week before exams?,Complete first revision early and dedicate the final week to practice tests.
How do I answer case-study-based questions?,Analyze the situation carefully and relate it to theoretical concepts.
How can I remember definitions easily?,Repeat them daily and understand their meaning clearly.
How do I prepare for oral presentations?,Practice speaking clearly and prepare slides with key points only.
How can I study effectively in group study sessions?,Discuss difficult topics and quiz each other on important questions.
How do I analyze exam mistakes after results?,Review incorrect answers and identify weak topics.
How can I improve logical writing in exams?,Arrange points in a structured sequence with headings and subheadings.
How do I prepare for back-to-back exams?,Revise subjects in advance and plan daily revision slots.
How can I prepare lab records properly?,"Write clear objectives, procedures, observations, and results."
How do I answer 2-mark questions effectively?,Give short and precise definitions or key points.
How can I improve speed in writing exams?,Practice writing answers within time limits.
What is the importance of attendance in college exams?,It affects eligibility and internal marks.
How can I prepare for re-exams?,Identify weak areas from previous attempt and revise thoroughly.
How do I handle difficult subjects?,Break topics into smaller parts and seek help when needed.
How can I avoid last-minute exam panic?,Prepare early and revise consistently.
How can I prepare for multiple-choice exams effectively?,Practice mock tests and eliminate incorrect options logically.
What should I do if I miss an important lecture before exams?,Borrow notes from classmates and review textbook explanations.
How can I improve my numerical problem-solving accuracy?,Practice regularly and double-check calculations.
How do I prepare for practical viva questions?,"Understand experiment concepts, objectives, and expected results clearly."
How can I revise faster during exam week?,Focus on summaries and key points instead of rereading full chapters.
What is the best way to answer 10-mark questions?,"Provide detailed explanations, examples, diagrams, and proper structure."
How can I stay motivated while studying for long hours?,Set small goals and take short breaks between study sessions.
How do I prepare for internal surprise quizzes?,Revise daily lecture topics consistently.
How can I improve understanding of difficult theories?,Break them into smaller concepts and relate them to real-life examples.
What should I carry for a college exam?,"Admit card, ID card, required stationery, and necessary instruments."
How can I manage distractions while studying at home?,Keep phone away and create a quiet study space.
How do I write better short notes for revision?,"Use keywords, bullet points, and highlight important terms."
How can I score well in open-ended theory questions?,Provide clear explanations supported with examples.
How should I revise one night before exam?,"Revise important formulas, definitions, and summarized notes only."
How can I improve my analytical thinking for exams?,Solve case studies and practice reasoning-based questions.
What is the best strategy for last 15 minutes of exam?,Review answers and correct mistakes carefully.
How can I prepare for online proctored exams?,Test internet connection and revise important topics in advance.
How do I avoid careless mistakes in exams?,Read questions carefully and verify answers before submission.
How can I remember long theoretical answers?,Divide them into logical sections and revise repeatedly.
What is the importance of marking schemes in exams?,It helps understand answer depth and word limit required.
How can I manage stress during practical exams?,Prepare experiments thoroughly and stay confident.
How do I answer application-based questions?,Apply theoretical concepts to real-world scenarios.
How can I revise formulas for mathematics exams?,Create formula sheets and revise daily.
How do I write better lab conclusions?,Summarize experiment objective and final results clearly.
How can I prepare for semester-end projects?,"Plan early, divide tasks, and follow deadlines strictly."
How do I improve memory retention for exams?,Use spaced repetition and active recall techniques.
How can I prepare for theory plus numerical subjects?,Divide time equally between concept revision and problem practice.
How do I attempt long answer questions quickly?,Outline key points first and then expand systematically.
How can I improve clarity in exam answers?,Use simple language and structured formatting.
What is the importance of unit-wise revision?,It ensures balanced preparation across all chapters.
How can I manage exam anxiety effectively?,Practice breathing exercises and stay positive.
How do I prepare for competitive exams alongside college exams?,Allocate separate time slots for both preparations.
How can I avoid procrastination during exam season?,Create a realistic timetable and stick to it.
How do I answer diagram-based questions properly?,Draw neat diagrams and label all parts clearly.
How can I revise subjects with heavy theory content?,Break chapters into subtopics and revise them systematically.
How do I maintain focus during long exams?,Stay hydrated and pace your writing.
How can I improve performance in internal tests?,Revise regularly and practice short questions frequently.
How do I write answers according to word limit?,Practice writing concise and precise responses.
How can I improve conceptual clarity before exams?,Understand core principles instead of memorizing blindly.
What is the best way to revise one month before semester exams?,Complete syllabus early and start solving practice papers.
How can I prepare for theory-based viva exams?,"Revise definitions, examples, and key explanations clearly."
How do I improve answer structure in exams?,"Use headings, subheadings, and bullet points."
How can I prepare for lab record submission?,Ensure all experiments are completed and neatly written.
How do I handle low marks in internal exams?,Identify weak topics and improve them before finals.
How can I study efficiently during holidays before exams?,Create daily study goals and revise consistently.
How do I prepare for final year project viva?,"Understand project objectives, methodology, and outcomes clearly."
How can I improve writing speed for descriptive exams?,Practice writing full-length answers within time limits.
How do I prepare important topics quickly before exam?,Focus on summarized notes and key questions.
How can I reduce exam fear?,Prepare thoroughly and maintain a positive mindset.
What is the key to scoring consistently high marks in college exams?,"Consistent study, regular revision, and effective time management."
How can I prepare for mid-semester exams effectively?,Revise completed units thoroughly and solve internal test questions.
What is the best way to revise lengthy chapters?,Break them into subtopics and summarize each section in short notes.
How do I improve my performance in subjective exams?,Practice writing structured answers and focus on conceptual clarity.
How can I prepare for semester exams in limited time?,Prioritize high-weightage topics and revise important questions first.
How do I answer scenario-based questions in exams?,Analyze the scenario and apply relevant theoretical concepts logically.
How can I make effective revision charts?,"Use flowcharts, mind maps, and key points to summarize topics visually."
What should I do if I fail in an internal exam?,Identify weak areas and prepare better for the final examination.
How can I improve my note-taking skills in class?,Listen actively and write only key points instead of full sentences.
How do I manage time between assignments and exam preparation?,Create a daily schedule balancing both tasks.
How can I prepare for oral exams confidently?,Practice explaining concepts aloud and revise fundamental topics.
What is the importance of solving sample papers?,They help understand question patterns and improve time management.
How can I revise technical subjects efficiently?,Practice numerical problems along with theory revision.
How do I write precise answers in short-answer exams?,Focus on definitions and key points without unnecessary details.
How can I improve my understanding of difficult concepts?,Study from multiple resources and clarify doubts immediately.
How do I prepare for continuous assessment tests?,Revise class notes regularly and stay updated with topics.
How can I reduce silly mistakes in calculations?,Double-check steps and practice carefully solving problems.
How should I revise before practical exams?,"Review procedures, formulas, and expected results."
How can I answer analytical questions effectively?,Structure your answer logically and support it with examples.
What is the best strategy for final semester exams?,Complete syllabus early and revise multiple times.
How can I improve my study consistency?,Study daily for fixed hours and avoid long gaps.
How do I prepare for competitive exams along with college syllabus?,Integrate overlapping topics and allocate separate practice time.
How can I prepare effective summary sheets?,"Write formulas, key points, and important diagrams in one place."
How do I prepare for viva on theoretical subjects?,Understand definitions and key explanations clearly.
How can I improve my writing clarity in exams?,Use simple language and structured paragraphs.
How do I handle difficult numerical questions in exams?,Attempt them after completing easier questions.
How can I prepare for backlogs effectively?,Identify weak topics and revise them with extra practice.
How do I study efficiently during exam holidays?,Follow a daily timetable with revision targets.
How can I improve retention of studied topics?,Revise frequently and use active recall methods.
How do I answer compare-and-contrast questions?,Highlight differences and similarities in structured format.
How can I score better in practical records?,Maintain neat handwriting and complete experiments properly.
How can I prepare for semester viva exams?,Revise major concepts and practice answering common questions.
What should I do if exam schedule is tight?,Plan revision in advance and focus on important topics.
How can I avoid forgetting formulas during exams?,Revise formula sheets before entering the exam hall.
How do I prepare for case-based assignments?,Analyze the case thoroughly and apply theoretical knowledge.
How can I improve my exam answer structuring?,"Use headings, subheadings, and numbered points."
How do I manage stress before viva?,Prepare thoroughly and practice speaking confidently.
How can I prepare for lab viva effectively?,Revise experiment principles and expected outcomes.
How do I revise fast before class tests?,Review short notes and important points quickly.
How can I improve performance in surprise quizzes?,Study consistently after every lecture.
How do I write definitions accurately in exams?,Memorize key terms and write concise explanations.
How can I study smart instead of studying hard?,Focus on important topics and practice effective revision methods.
How do I prepare for group presentations in college?,Divide topics equally and rehearse together.
How can I avoid distractions during exam preparation?,Limit social media use and follow disciplined routine.
How do I improve analytical answer writing?,Practice reasoning-based questions regularly.
How can I improve time management for multiple exams?,Allocate revision slots for each subject daily.
How do I handle tough theory questions?,Write related concepts and attempt logically.
How can I prepare for lab file evaluation?,Complete experiments neatly and revise practical concepts.
How do I improve comprehension in reading-heavy subjects?,Read actively and summarize after each section.
How can I increase writing speed without losing clarity?,Practice timed writing regularly.
What is the importance of regular class revision?,It strengthens understanding and reduces exam pressure.
How can I prepare for semester project presentations?,Prepare slides clearly and practice explaining confidently.
How do I study subjects I dislike?,Break them into smaller parts and study in short sessions.
How can I improve answer depth in exams?,"Include examples, diagrams, and explanations."
How do I manage exam fear before results?,Focus on preparation effort and stay positive.
How can I improve conceptual clarity in science subjects?,Understand theories and practice related problems.
How do I revise multiple units quickly?,Focus on summarized notes and key points.
How can I perform better in objective exams?,Practice mock tests and revise frequently asked questions.
How do I prepare for semester practical submissions?,Complete records on time and verify experiment results.
How can I improve presentation skills for viva?,Speak confidently and maintain clear communication.
What should I do if I feel unprepared before exam?,Revise key topics and stay calm.
How can I improve my revision efficiency?,Use summarized notes and timed practice sessions.
How do I answer definition-based questions clearly?,Write concise and accurate definitions.
How can I improve exam answer neatness?,Maintain spacing and write legibly.
How do I prepare for semester revaluation?,Review answer script and understand mistakes.
How can I prepare better for internal marks improvement?,Participate in class and submit assignments on time.
How do I revise theoretical concepts efficiently?,Use concept maps and short summaries.
How can I improve exam focus during long hours?,Take short breaks and maintain energy levels.
How do I handle overlapping exam dates?,Prioritize subjects based on exam schedule.
How can I prepare for seminar presentations?,Research topic thoroughly and practice delivery.
How do I reduce careless mistakes in theory answers?,Read questions twice before answering.
How can I improve speed in solving numericals?,Practice regularly with timed sessions.
How do I prepare effectively for lab internal exams?,Revise practical concepts and experiment steps.
How can I improve structured writing in exams?,Organize answers in logical order.
How do I revise before early morning exams?,Sleep well and review key points briefly.
How can I improve exam confidence?,Prepare consistently and practice mock tests.
How do I answer theory questions with examples?,Provide explanation followed by relevant example.
How can I reduce exam preparation stress?,Maintain balanced study and relaxation time.
How do I prepare for class presentations effectively?,Prepare key points and rehearse confidently.
How can I improve performance in lab viva?,Revise experiment objectives and key principles.
How do I organize notes for final revision?,Arrange unit-wise and highlight important points.
How can I improve problem-solving speed?,Practice different types of problems regularly.
How do I revise theoretical definitions effectively?,Repeat them daily and understand meaning clearly.
How can I prepare for final semester exams calmly?,Complete syllabus early and revise systematically.
How do I write more impactful answers in exams?,Use relevant examples and structured explanations.
How can I improve time allocation during exams?,Divide time according to marks distribution.
How do I handle unexpected difficult questions?,Attempt logically and write related concepts.
How can I stay focused during revision days?,Follow strict timetable and minimize distractions.
How do I improve quality of assignment submissions?,"Add proper formatting, references, and neat presentation."
How can I improve exam preparation discipline?,Set daily goals and track progress.
How do I revise efficiently before internal tests?,Focus on key lecture points and summaries.
How can I prepare for viva on projects?,"Understand project objectives, tools used, and outcomes."
How do I improve conceptual understanding in mathematics?,Practice problems and understand formula derivations.
How can I write balanced answers in exams?,"Include introduction, explanation, and conclusion."
How do I handle exam nervousness?,Stay calm and focus on preparation.
How can I improve academic performance overall?,Study consistently and revise regularly.
How do I prepare for semester end theory exams?,Revise all units and solve previous year papers.
How can I improve short-answer writing skills?,Practice concise and accurate responses.
How do I manage time between theory and practical exams?,Allocate equal time for both preparations.
How can I revise quickly on exam day?,Review summary notes and key formulas.
What is the key to consistent academic success in college?,"Regular study, timely revision, and disciplined preparation."
How can I prepare for end-semester exams in advance?,Start revising topics weekly and complete first revision at least one month before exams.
How do I improve conceptual clarity in technical subjects?,Focus on understanding fundamentals and solve practical problems regularly.
How can I take effective lecture notes quickly?,"Write key concepts, formulas, and important examples instead of full explanations."
How do I revise efficiently during study leave?,Follow a strict timetable and prioritize weaker subjects first.
How can I improve my marks in theory-heavy subjects?,Write structured answers with clear explanations and relevant examples.
How do I answer long analytical questions in exams?,Break the answer into sections and explain step-by-step logically.
How can I improve accuracy in objective exams?,Practice mock tests and review incorrect answers carefully.
How do I prepare for lab viva in technical subjects?,"Understand experiment concepts, formulas, and practical applications."
How can I revise quickly before surprise tests?,Review summary notes and key points immediately after lectures.
How do I improve time management during semester exams?,Allocate time based on marks and avoid spending too long on one question.
How can I strengthen weak subjects before exams?,Dedicate extra study time and practice more questions from those subjects.
How do I prepare for open-ended descriptive questions?,"Structure answers with introduction, explanation, and conclusion."
How can I improve memory retention for theoretical definitions?,Revise daily and use flashcards for quick recall.
How do I handle overlapping assignment deadlines?,Prioritize tasks based on submission dates and divide work evenly.
How can I prepare for project demonstrations effectively?,"Understand project flow, tools used, and expected outcomes clearly."
How do I improve clarity while explaining answers in viva?,Speak slowly and organize thoughts before responding.
How can I avoid burnout during exam preparation?,Take regular breaks and maintain a balanced study routine.
How do I revise formula-based subjects efficiently?,Prepare formula sheets and solve practice problems daily.
How can I prepare for weekly quizzes consistently?,Revise topics immediately after each class.
How do I write effective conclusions in exam answers?,Summarize key points briefly and relate them to the question.
How can I improve my presentation skills for academic seminars?,Practice speaking confidently and prepare clear visual aids.
How do I prepare for numerical-heavy exams?,Practice solving diverse problems under timed conditions.
How can I improve handwriting speed in exams?,Practice writing full-length answers regularly.
How do I prepare for back-to-back theory exams?,Complete revision early and revise summaries between exams.
How can I prepare for project viva effectively?,"Revise objectives, implementation process, and results thoroughly."
How do I manage exam anxiety during preparation?,Practice relaxation techniques and stay consistent with study.
How can I improve short-term memory before exams?,Use quick revision techniques like flashcards and summaries.
How do I structure answers for case-study questions?,"Identify problem, apply theory, and suggest logical solutions."
How can I improve exam writing neatness?,Maintain proper spacing and write clearly.
How do I revise effectively on exam day morning?,Review key formulas and important concepts briefly.
How can I prepare for final year theory exams?,Revise all units thoroughly and practice previous year papers.
How do I improve performance in lab record evaluations?,Keep records neat and complete experiments accurately.
How can I prepare for online semester exams?,Ensure technical readiness and revise key concepts.
How do I improve speed in solving MCQs?,Practice elimination techniques and timed mock tests.
How can I prepare for viva questions from practical experiments?,"Understand experiment purpose, procedure, and results clearly."
How do I reduce errors in theoretical explanations?,Revise thoroughly and avoid guessing answers.
How can I improve answer flow in descriptive exams?,Organize points logically before writing.
How do I prepare for semester internal assessments?,Revise regularly and complete assignments on time.
How can I improve exam stamina?,Practice writing full-length mock exams.
How do I revise conceptual subjects before finals?,Focus on understanding principles and solving related problems.
How can I prepare for lab viva under pressure?,Stay calm and revise experiment basics confidently.
How do I improve academic discipline during exam season?,Follow a consistent study schedule daily.
How can I prepare concise answers for short questions?,Focus on definitions and key facts only.
How do I revise efficiently between two exams in one day?,Review summary notes and prioritize key topics.
How can I prepare for difficult theory subjects quickly?,Study important topics and solve previous questions.
How do I manage exam preparation with project deadlines?,Allocate specific time slots for each task.
How can I improve exam confidence at the last moment?,Revise key points and maintain positive thinking.
How do I structure answers for high-mark questions?,Provide detailed explanation with examples and diagrams.
How can I improve concentration during long study hours?,Use focused study sessions with short breaks.
How do I revise formula derivations effectively?,Practice writing derivations step-by-step.
How can I prepare for final practical exams?,Practice experiments and understand procedures clearly.
How do I reduce nervousness before viva?,Revise core concepts and practice mock viva sessions.
How can I improve performance in semester theory exams?,Revise multiple times and practice writing answers.
How do I handle unexpected syllabus changes?,Focus on updated topics and adjust study plan quickly.
How can I improve clarity in answering long theoretical questions?,Divide answers into logical paragraphs and use headings.
How do I revise quickly before internal viva?,Review experiment summaries and key definitions.
How can I improve answer depth for analytical questions?,Add examples and logical explanations.
How do I prepare effectively for semester re-exams?,Analyze previous mistakes and revise weak topics thoroughly.
How can I increase writing speed during exams?,Practice timed writing daily.
How do I maintain focus during revision week?,Follow a structured timetable and avoid distractions.
How can I prepare for presentation-based evaluations?,Practice clear speech and prepare structured slides.
How do I improve memory for numerical formulas?,Practice solving problems repeatedly.
How can I revise effectively after completing syllabus?,Solve practice papers and revise weak areas.
How do I improve answer quality in exams?,"Use examples, diagrams, and structured explanations."
How can I manage time while attempting full-length mock tests?,Simulate real exam conditions and stick to time limits.
How do I prepare for viva in group projects?,Understand your specific contribution clearly.
How can I improve conceptual clarity in economics subjects?,Understand theories and apply them to practical examples.
How do I avoid confusion between similar concepts?,Compare them side-by-side and note key differences.
How can I revise efficiently during last-minute preparation?,Focus only on high-weightage and frequently asked topics.
How do I improve writing structure in descriptive exams?,Use clear headings and organize points logically.
How can I prepare for surprise oral tests?,Revise topics regularly and stay confident.
How do I strengthen fundamentals before semester exams?,Revise basic concepts thoroughly and practice examples.
How can I improve exam performance in competitive-style college tests?,Practice MCQs and time-based tests frequently.
How do I revise large portions of syllabus efficiently?,Break syllabus into manageable sections and revise systematically.
How can I prepare for viva questions related to assignments?,Understand the content and logic behind your assignment answers.
How do I reduce mistakes in numerical derivations?,Practice derivations step-by-step carefully.
How can I improve short-answer clarity?,Keep responses direct and to the point.
How do I prepare for technical theory exams?,"Revise definitions, diagrams, and numerical examples."
How can I stay calm during unexpected oral questioning?,Listen carefully and respond thoughtfully.
How do I revise effectively before early morning practical exams?,Sleep properly and review key experiment steps briefly.
How can I improve speed and accuracy together?,Practice timed tests and review mistakes afterward.
How do I prepare for interdisciplinary subject exams?,Understand connections between subjects and revise accordingly.
How can I improve answer presentation for university exams?,Use neat handwriting and structured formatting.
How do I prepare for viva when unsure of answers?,Revise basics and attempt logically if unsure.
How can I improve academic consistency throughout semester?,Study daily and revise weekly.
How do I handle low internal marks before finals?,Prepare thoroughly for final exams to compensate.
How can I revise efficiently after attending revision lectures?,Summarize key points immediately after class.
How do I improve clarity in explaining project methodology?,Understand each step and practice explaining confidently.
How can I prepare for last-minute theory revision?,Review summary notes and important topics only.
How do I improve concentration during night study sessions?,Maintain proper lighting and avoid distractions.
How can I prepare for viva on difficult subjects?,Focus on understanding key concepts clearly.
How do I improve academic writing style?,Practice structured writing and avoid unnecessary repetition.
How can I revise effectively during semester break?,Allocate daily revision time and focus on weak areas.
How do I improve marks in repeated attempts?,Analyze previous mistakes and revise thoroughly.
How can I prepare for short-notice exams?,Focus on important topics and revise quickly.
How do I manage practical and theory exam balance?,Divide preparation time equally.
How can I improve logical explanation in theory exams?,Structure answers step-by-step logically.
How do I revise effectively before viva voce exams?,Review core concepts and practice speaking clearly.
How can I improve exam focus under time pressure?,Practice mock exams under timed conditions.
What is the key to mastering college exam preparation?,"Consistent study, structured revision, and disciplined time management."
How can I prepare effectively for cumulative final exams?,Revise all units systematically and solve comprehensive mock papers.
How do I improve conceptual understanding in programming subjects?,Practice coding regularly and understand logic behind each concept.
How can I make revision notes more concise?,Summarize topics using keywords and short bullet points.
How do I prepare for exams when time is very limited?,Focus on high-weightage topics and revise key questions only.
How can I answer critical thinking questions in exams?,Analyze the question carefully and present logical arguments.
How do I improve retention during intensive revision days?,Use spaced repetition and take short mental breaks.
How can I prepare for laboratory practical assessments?,Practice experiments and review related theory concepts.
How do I manage stress during continuous internal assessments?,Maintain a consistent study schedule and avoid procrastination.
How can I improve clarity in solving derivation problems?,Practice step-by-step derivations and understand each stage clearly.
How do I prepare for university-level comprehensive exams?,Cover the entire syllabus and solve previous university papers.
How can I strengthen basics before advanced exams?,Revise foundational concepts thoroughly before moving to complex topics.
How do I answer evaluation-based questions effectively?,Present balanced arguments with supporting evidence.
How can I reduce last-minute exam anxiety?,Prepare early and revise important topics calmly.
How do I prepare for lab viva with confidence?,Understand experiment objectives and expected results clearly.
How can I improve exam answer organization?,"Use headings, subheadings, and logical sequencing."
How do I revise theory subjects in one week?,Divide chapters daily and revise systematically.
How can I improve logical reasoning for exam questions?,Practice analytical problems regularly.
How do I prepare for semester-end internal viva?,Review key concepts and practice answering common viva questions.
How can I increase efficiency in solving lengthy problems?,Practice solving similar problems under timed conditions.
How do I revise multiple chapters quickly?,Use summary sheets and highlight important formulas.
How can I improve my academic note organization?,Arrange notes unit-wise and label them clearly.
How do I prepare for oral exams in theoretical subjects?,Revise definitions and practice explaining concepts verbally.
How can I improve descriptive writing quality?,Practice structured answers with clear introductions and conclusions.
How do I handle exam fatigue during long preparation periods?,Take scheduled breaks and maintain a healthy routine.
How can I prepare for unexpected test questions?,Focus on conceptual clarity rather than memorization.
How do I improve understanding of complex diagrams?,Practice drawing and labeling them repeatedly.
How can I revise technical subjects effectively before finals?,Solve numerical problems and review key concepts.
How do I manage multiple project submissions near exams?,Plan deadlines carefully and work incrementally.
How can I improve clarity in short-answer responses?,Keep answers concise and directly related to the question.
How do I prepare for cumulative viva exams?,Revise entire syllabus and focus on key definitions.
How can I improve my academic consistency throughout the year?,Study regularly and revise weekly.
How do I prepare for analytical case-study exams?,Analyze scenarios and apply theoretical frameworks logically.
How can I improve focus during exam preparation nights?,Maintain proper lighting and avoid digital distractions.
How do I revise efficiently after mock tests?,Analyze mistakes and revise weak topics.
How can I prepare for semester-end lab practicals?,Practice experiments and revise theoretical background.
How do I improve conceptual clarity in management subjects?,Study real-life examples and apply theoretical models.
How can I write impactful introductions in exam answers?,Start with a definition or context related to the topic.
How do I manage exam revision with extracurricular activities?,Allocate fixed study hours daily.
How can I reduce confusion between similar theoretical terms?,Compare definitions and highlight differences clearly.
How do I prepare for final project defense?,Understand project methodology and practice presenting confidently.
How can I improve speed in answering essay-type questions?,Practice writing timed essays regularly.
How do I revise effectively for semester re-attempt exams?,Focus on weak topics identified earlier.
How can I strengthen problem-solving approach in exams?,Practice diverse question types consistently.
How do I prepare for technical oral examinations?,Revise core concepts and explain them aloud.
How can I improve retention for law-related subjects?,Revise case laws and practice writing legal explanations.
How do I prepare for interdisciplinary final exams?,Understand relationships between subjects and revise accordingly.
How can I reduce stress before final semester results?,Stay positive and focus on preparation done.
How do I manage revision for both theory and practical exams?,Allocate balanced time for both types.
How can I improve clarity in numerical solution steps?,Write each step clearly and check calculations.
How do I revise large chapters efficiently?,Break them into subtopics and summarize key ideas.
How can I prepare for semester-end open-book exams?,Organize notes properly and understand application-based concepts.
How do I improve answer depth for high-mark questions?,"Include examples, diagrams, and explanations."
How can I improve academic writing structure?,Follow introduction-body-conclusion format.
How do I prepare for lab assessment under strict evaluation?,Practice experiments carefully and revise procedures.
How can I improve exam time allocation strategy?,Divide time proportionally according to marks.
How do I revise conceptual subjects during exam week?,Focus on key principles and application questions.
How can I enhance clarity in viva responses?,Speak confidently and organize thoughts clearly.
How do I manage multiple revision cycles effectively?,Plan structured revision schedule in advance.
How can I improve academic focus during holidays?,Set daily study targets and follow routine.
How do I prepare for technical theory re-evaluations?,Review answer scripts and strengthen weak areas.
How can I improve presentation of diagrams in exams?,Draw neat diagrams and label them clearly.
How do I prepare for oral exams with minimal preparation time?,Focus on basic concepts and key definitions.
How can I improve consistency in solving numerical problems?,Practice daily and review mistakes.
How do I revise effectively for semester-end quizzes?,Review class notes and key formulas regularly.
How can I improve retention during late-night studies?,Take short breaks and avoid overexertion.
How do I handle difficult conceptual questions calmly?,Break them down logically and answer step-by-step.
How can I prepare for final internal evaluations?,Revise all internal topics and assignments.
How do I improve clarity in answering comparison-based questions?,Use tables or structured formats.
How can I improve academic planning before semester starts?,Create study plan and review syllabus early.
How do I revise efficiently after receiving feedback?,Identify mistakes and improve those areas specifically.
How can I improve speed in descriptive exams?,Practice timed writing sessions regularly.
How do I prepare for semester comprehensive viva?,Revise all subjects thoroughly and practice common viva questions.
How can I strengthen understanding of research-based subjects?,Read academic papers and summarize key findings.
How do I manage stress during final exam week?,Maintain balanced routine and avoid last-minute cramming.
How can I prepare for oral exams in professional courses?,Revise practical knowledge and speak confidently.
How do I improve clarity in solving analytical questions?,Write logical steps clearly and avoid skipping details.
How can I prepare for technical seminars effectively?,Research topic thoroughly and prepare structured slides.
How do I revise efficiently for theory re-tests?,Focus on previously incorrect topics.
How can I improve answer structure in competitive-style exams?,Organize answers logically with headings.
How do I maintain discipline during semester preparation?,Follow daily study schedule consistently.
How can I prepare for multi-subject comprehensive exams?,Allocate separate revision time for each subject.
How do I improve academic concentration overall?,Avoid distractions and follow focused study sessions.
How can I improve response accuracy in viva?,Listen carefully and answer precisely.
How do I revise technical content quickly before exams?,Focus on important formulas and diagrams.
How can I improve confidence in oral exams?,Practice speaking in front of peers.
How do I prepare for final lab viva assessments?,Revise experiment procedures and expected outputs.
How can I manage semester workload efficiently?,Plan assignments and revision in advance.
How do I improve exam endurance for long papers?,Practice full-length mock exams.
How can I improve clarity in step-by-step solutions?,Write each stage clearly and check accuracy.
How do I revise theoretical concepts under pressure?,Review summary notes and stay calm.
How can I prepare effectively for semester final evaluations?,Complete multiple revisions and solve practice papers.
How do I improve understanding of abstract concepts?,Use examples and visual explanations.
How can I manage time between internal tests and final exams?,Create balanced timetable for both.
How do I improve retention of complex topics?,Revise frequently and teach concepts to others.
How can I prepare for final viva examinations confidently?,Revise core topics and practice mock sessions.
How do I improve clarity in answering application-based questions?,Apply theoretical knowledge to real scenarios.
How can I improve academic consistency in final year?,Follow disciplined study schedule.
How do I revise large syllabus before finals efficiently?,Focus on important topics and revise systematically.
How can I improve exam confidence overall?,Prepare consistently and practice mock tests.
What is the key to effective semester exam preparation?,"Consistent study, structured revision, and time management."
How can I prepare efficiently for the last internal assessment?,"Revise key topics, solve previous internal papers, and focus on weak areas."
How do I improve clarity in writing theoretical explanations?,Structure answers logically and use simple language.
How can I prepare for final semester comprehensive exams?,Revise all subjects systematically and practice mock tests.
How do I improve understanding of statistical subjects?,Practice numerical problems and understand formulas thoroughly.
How can I revise quickly before surprise oral tests?,Review summary notes and key definitions immediately.
How do I prepare for academic viva confidently?,Understand core concepts and practice explaining them clearly.
How can I manage revision during internship and exams together?,Allocate fixed study hours daily and follow a structured plan.
How do I improve exam presentation skills?,"Use headings, underline key points, and maintain neat handwriting."
How can I strengthen weak units before finals?,Dedicate extra practice time and revise fundamentals thoroughly.
How do I revise formula-intensive subjects effectively?,Prepare formula sheets and practice application-based questions.
How can I prepare for re-evaluation after poor exam results?,Analyze mistakes and focus on improving weak topics.
How do I improve comprehension in reading-based exams?,Practice reading passages and summarizing key ideas.
How can I prepare effectively for semester-end projects?,Plan tasks early and review requirements carefully.
How do I improve speed in writing theory answers?,Practice timed writing and avoid unnecessary details.
How can I stay focused during long revision sessions?,Use short breaks and follow a study schedule.
How do I revise efficiently before back-to-back exams?,Focus on high-weightage topics and summary notes.
How can I improve answer precision in objective tests?,Practice MCQs and analyze incorrect answers.
How do I prepare for final lab record evaluation?,Ensure experiments are completed accurately and neatly.
How can I reduce exam-related stress quickly?,Practice deep breathing and revise calmly.
How do I improve conceptual clarity in finance subjects?,Understand formulas and apply them to real-life problems.
How can I prepare for practical exams in limited time?,Revise procedures and practice key experiments.
How do I improve clarity in answering descriptive questions?,Use structured paragraphs and relevant examples.
How can I prepare for open-book university exams effectively?,Organize notes and focus on application-based learning.
How do I manage revision for electives along with core subjects?,Allocate balanced time based on subject difficulty.
How can I improve answer structure for case-based exams?,Identify key issues and present logical solutions.
How do I revise theoretical definitions efficiently?,Repeat them regularly and understand their meaning.
How can I prepare for semester viva on technical projects?,"Revise project objectives, tools used, and implementation steps."
How do I improve clarity in numerical calculations?,Write each calculation step clearly and verify results.
How can I prepare for competitive-style university exams?,Practice timed tests and revise conceptual topics.
How do I manage study breaks effectively during exams?,Take short breaks and avoid distractions.
How can I improve performance in theory re-tests?,Focus on previous mistakes and revise thoroughly.
How do I prepare for comprehensive oral examinations?,Revise all units and practice explaining key topics.
How can I improve academic writing quality?,Follow structured format and avoid repetition.
How do I revise effectively before practical viva sessions?,Review experiment steps and key theoretical concepts.
How can I strengthen understanding of research methodologies?,Study research techniques and analyze sample papers.
How do I prepare for semester-end surprise quizzes?,Revise lecture notes regularly.
How can I improve answer clarity in high-mark questions?,"Include explanations, examples, and structured formatting."
How do I manage revision during exam holidays?,Follow a daily timetable and review key topics.
How can I improve concentration during final revision days?,Study in distraction-free environment.
How do I prepare for viva voce examinations confidently?,Revise fundamentals and practice mock discussions.
How can I improve speed in solving analytical problems?,Practice regularly and review different problem types.
How do I revise effectively before cumulative exams?,Review summary sheets and solve practice papers.
How can I prepare for interdisciplinary viva exams?,Understand connections between subjects and revise core concepts.
How do I improve clarity in writing stepwise solutions?,Write logical steps clearly and maintain neat presentation.
How can I improve academic planning before finals?,Set revision goals and allocate subject-wise time.
How do I prepare for technical assessment exams?,Revise core topics and practice application-based questions.
How can I improve memory retention before semester exams?,Use spaced repetition and active recall methods.
How do I manage exam preparation with extracurricular commitments?,Create balanced schedule and prioritize tasks.
How can I improve answer clarity in oral questioning?,Listen carefully and respond concisely.
How do I revise effectively for last-minute internal exams?,Focus on key lecture points and summary notes.
How can I prepare for semester-end written exams confidently?,Revise entire syllabus and solve mock tests.
How do I improve understanding of abstract theoretical concepts?,Use examples and visual explanations.
How can I improve exam accuracy under time pressure?,Practice timed tests and review mistakes.
How do I prepare for oral exams in professional courses?,Revise practical applications and core knowledge.
How can I manage revision for final-year projects and exams?,Allocate separate time slots for each task.
How do I improve clarity in answering application-based questions?,Apply theory to real-world scenarios logically.
How can I improve consistency in exam preparation?,Follow daily study routine without long gaps.
How do I prepare for semester-end practical viva?,Revise experiment procedures and objectives thoroughly.
How can I improve structured answer writing?,Use headings and organized paragraphs.
How do I revise effectively during final exam week?,Focus on weak areas and important topics.
How can I strengthen understanding of quantitative subjects?,Practice numerical problems regularly.
How do I prepare for semester evaluation presentations?,Create clear slides and rehearse delivery.
How can I improve exam stamina for lengthy papers?,Practice full-length mock tests.
How do I manage exam-related distractions effectively?,Limit social media and follow strict timetable.
How can I improve clarity in conceptual answers?,Understand principles deeply before writing.
How do I prepare for final cumulative assessments?,Revise all subjects and practice comprehensive tests.
How can I improve logical flow in essay-type answers?,Organize points sequentially with transitions.
How do I revise efficiently for oral comprehensive exams?,Review key concepts and practice speaking confidently.
How can I improve academic confidence before finals?,Prepare consistently and review achievements.
How do I prepare for university semester board exams?,Follow syllabus strictly and solve previous papers.
How can I improve answer depth in descriptive exams?,Add relevant examples and detailed explanations.
How do I manage revision when syllabus is extensive?,Break syllabus into manageable sections.
How can I improve exam discipline throughout semester?,Maintain regular study habits.
How do I prepare for final project viva successfully?,Understand project methodology and results clearly.
How can I improve clarity in explaining research topics?,Practice presenting findings clearly.
How do I revise theoretical concepts under pressure?,Review summary notes calmly.
How can I improve exam preparation strategy overall?,Plan early and revise consistently.
How do I prepare for semester practical board exams?,Practice experiments and review lab manuals.
How can I improve focus during final revision?,Avoid distractions and follow a timetable.
How do I manage stress before final viva exams?,Practice relaxation techniques and stay confident.
How can I prepare effectively for semester grand viva?,Revise all major subjects and practice mock sessions.
How do I improve clarity in technical explanations?,Use simple language and structured steps.
How can I improve answer quality in final exams?,"Include examples, diagrams, and clear structure."
How do I revise effectively before university practical exams?,Practice procedures and revise related theory.
How can I improve exam focus under anxiety?,Take deep breaths and concentrate on one question at a time.
How do I prepare for professional course semester exams?,Follow syllabus guidelines and practice mock tests.
How can I improve retention of technical formulas?,Practice applying them in numerical problems.
How do I manage revision and part-time work together?,Create fixed study schedule and prioritize tasks.
How can I improve clarity in short-answer exams?,Keep answers concise and precise.
How do I revise efficiently for final semester assessments?,Focus on important units and revise systematically.
How can I prepare for semester comprehensive written exams?,Revise all units thoroughly and solve model papers.
How do I improve academic writing precision?,Use clear sentences and avoid unnecessary details.
How can I improve exam time management overall?,Practice timed mock exams and allocate time per question.
How do I prepare for viva in interdisciplinary subjects?,Understand core concepts from each subject.
How can I improve academic consistency in last semester?,Maintain regular revision schedule.
How do I revise effectively before final project submission?,Review project documentation and clarify doubts.
How can I improve exam clarity in application-based subjects?,Apply concepts logically with examples.
How do I manage exam preparation during personal challenges?,Follow a simple study plan and seek support if needed.
How can I improve confidence for semester-ending exams?,Revise thoroughly and practice mock exams.
What is the ultimate key to college academic success?,"Consistent preparation, disciplined revision, and effective time management."
