Branch,Job_Role,Required_Skills
Agriculture,Agricultural Consultant,"Farming Strategy, Soil Testing Interpretation, Subsidy Knowledge, Organic Standards, Agri-Business Planning"
Design,Graphic Designer,"Adobe Illustrator/Photoshop, Branding, Typography, Layout Design, Motion Graphics, Print Media"
Banking,Investment Banker,"Financial Modeling, Valuation, M&A, IPO Process, Pitch Books, Capital Markets, Excel Mastery"
UPSC,IAS Officer,"Public Administration, Policy Implementation, Crisis Management, District Governance, Leadership"
Civil Engineering,Structural Engineer,"STAAD.Pro/ETABS, RCC Design, Steel Structures, AutoCAD, Load Calculations, Building Codes"
Information Technology,Network Engineer,"TCP/IP, Routing & Switching (CCNA/CCNP), Firewall Configuration, VPN, Network Monitoring Tools, Wireshark"
Law,Legal Consultant,"Legal Research, Policy Analysis, Regulatory Compliance, Legal Opinion Writing, Dispute Resolution"
Civil Engineering,Structural Engineer,"STAAD.Pro/ETABS, RCC Design, Steel Structures, AutoCAD, Load Calculations, Building Codes"
Information Technology,Cloud Architect,"AWS/Azure/GCP, Terraform, Kubernetes, Docker, Cloud Security, Serverless Computing, Infrastructure as Code"
Education,Educational Consultant,"Career Counseling, Institutional Branding, Market Trends in Education, Student Assessment"
Environmental Science,Sustainability Manager,"ESG Reporting, CSR Strategy, Carbon Footprint Analysis, Resource Efficiency, Stakeholder Reporting"
Design,Fashion Designer,"Apparel Design, Sketching, Textile Knowledge, Pattern Making, Fashion Trends, Garment Construction"
Management,Business Analyst,"Requirement Gathering, Gap Analysis, SQL, Data Visualization, BPMN, Documentation, User Stories"
Management,Business Analyst,"Requirement Gathering, Gap Analysis, SQL, Data Visualization, BPMN, Documentation, User Stories"
UPSC,IFS Officer,"Diplomacy, Foreign Policy, International Relations, Negotiation, Cultural Intelligence"
Pharmacy,Medical Representative,"Product Knowledge, Sales & Marketing, Communication, Relationship Management, Market Research"
Management,HR Manager,"Talent Acquisition, Employee Engagement, Payroll Management, Labor Laws, Performance Appraisal, Conflict Resolution"
Commerce,Financial Analyst,"Financial Modeling, Equity Research, Excel, Investment Analysis, Python for Finance, Reporting"
Robotics,Control Systems Engineer,"MATLAB/Simulink, PID Control, System Modeling, Circuit Design, Feedback Mechanisms"
Commerce,Tax Consultant,"Tax Planning, Compliance, Regulatory Filings, International Tax, Legal Documentation"
Robotics,Robotics Engineer,"ROS, C++, Kinematics, Control Systems, Machine Learning, Mechanical Design, Sensor Fusion"
Commerce,Auditor,"Internal Audit, Risk Assessment, Compliance Testing, Verification, Financial Analysis, Reporting"
Management,HR Manager,"Talent Acquisition, Employee Engagement, Payroll Management, Labor Laws, Performance Appraisal, Conflict Resolution"
Computer Science,Data Scientist,"Python, R, Statistics, Machine Learning, SQL, Data Visualization (Tableau/PowerBI), Deep Learning, Big Data"
Design,Fashion Designer,"Apparel Design, Sketching, Textile Knowledge, Pattern Making, Fashion Trends, Garment Construction"
Management,Project Manager,"Agile/Scrum, PMP/PRINCE2, Risk Management, Stakeholder Communication, Budgeting, Resource Planning"
Computer Science,Backend Developer,"Java/Go/Python, SQL, NoSQL (Redis/MongoDB), Microservices, API Design, Docker, Message Queues (Kafka)"
Design,Fashion Designer,"Apparel Design, Sketching, Textile Knowledge, Pattern Making, Fashion Trends, Garment Construction"
Hotel Management,Hotel Manager,"Property Management, Revenue Management, Guest Relations, Hospitality Standards, Staff Supervision"
Commerce,Investment Advisor,"Wealth Management, Portfolio Rebalancing, Financial Planning, Asset Allocation, Market Analysis"
Information Technology,Cybersecurity Analyst,"Network Security, Ethical Hacking, SIEM Tools, Cryptography, Incident Response, Firewall Management, Linux"
UPSC,IFS Officer,"Diplomacy, Foreign Policy, International Relations, Negotiation, Cultural Intelligence"
Law,Compliance Officer,"Regulatory Monitoring, Risk Assessment, AML/KYC, Policy Drafting, Internal Controls, Reporting"
Hotel Management,Restaurant Manager,"Service Quality, F&B Operations, Inventory, Compliance, Staff Scheduling, Customer Satisfaction"
Banking,Risk Management Officer,"Operational Risk, Market Risk, Basel Norms, Stress Testing, Quantitative Analysis, Audit Compliance"
Management,Business Analyst,"Requirement Gathering, Gap Analysis, SQL, Data Visualization, BPMN, Documentation, User Stories"
Medical,Medical Researcher,"Laboratory Techniques, Clinical Trials, Data Analysis (SPSS/SAS), Grant Writing, Biochemistry, Scientific Ethics"
Law,Corporate Lawyer,"Contract Drafting, Mergers & Acquisitions, Due Diligence, Company Law, Compliance, Negotiation"
Agriculture,Agricultural Consultant,"Farming Strategy, Soil Testing Interpretation, Subsidy Knowledge, Organic Standards, Agri-Business Planning"
Commerce,Investment Advisor,"Wealth Management, Portfolio Rebalancing, Financial Planning, Asset Allocation, Market Analysis"
Management,Operations Manager,"Process Optimization, Six Sigma, Lean Management, Logistics, Procurement, Quality Assurance"
Civil Engineering,Site Engineer,"Execution Management, Surveying, Quality Control, Safety Supervision, Material Management"
Design,Fashion Designer,"Apparel Design, Sketching, Textile Knowledge, Pattern Making, Fashion Trends, Garment Construction"
Pharmacy,Pharmacist,"Pharmacology, Drug Interaction Knowledge, Dispensing, Inventory Management, Regulatory Compliance, Patient Counseling"
Robotics,Computer Vision Engineer,"OpenCV, Deep Learning, Image Processing, SLAM, Python, Neural Networks, Linear Algebra"
Commerce,Tax Consultant,"Tax Planning, Compliance, Regulatory Filings, International Tax, Legal Documentation"
Design,UI/UX Designer,"Figma, User Research, Wireframing, Prototyping, Usability Testing, Visual Design, Information Architecture"
Computer Science,Backend Developer,"Java/Go/Python, SQL, NoSQL (Redis/MongoDB), Microservices, API Design, Docker, Message Queues (Kafka)"
Commerce,Investment Advisor,"Wealth Management, Portfolio Rebalancing, Financial Planning, Asset Allocation, Market Analysis"
Computer Science,Backend Developer,"Java/Go/Python, SQL, NoSQL (Redis/MongoDB), Microservices, API Design, Docker, Message Queues (Kafka)"
Pharmacy,Medical Representative,"Product Knowledge, Sales & Marketing, Communication, Relationship Management, Market Research"
Education,Educational Consultant,"Career Counseling, Institutional Branding, Market Trends in Education, Student Assessment"
Design,Graphic Designer,"Adobe Illustrator/Photoshop, Branding, Typography, Layout Design, Motion Graphics, Print Media"
Law,IPR Lawyer,"Patent Drafting, Trademark Prosecution, Copyright Law, Intellectual Property Strategy, Licensing"
Medical,Registered Nurse,"Patient Monitoring, Wound Care, Medication Administration, Vital Signs, First Aid, Nursing Ethics"
Agriculture,Soil Scientist,"Soil Chemistry, Pedology, Hydrology, Environmental Impact Assessment, Lab Analysis, GIS"
Information Technology,Cloud Architect,"AWS/Azure/GCP, Terraform, Kubernetes, Docker, Cloud Security, Serverless Computing, Infrastructure as Code"
Education,Curriculum Developer,"Instructional Design, Learning Outcomes, Educational Psychology, Content Creation, Pedagogy"
Media,Social Media Manager,"Ad Campaigns, Influencer Management, Content Calendar, Analytics, Community Engagement, Platform Trends"
Pharmacy,Pharmacist,"Pharmacology, Drug Interaction Knowledge, Dispensing, Inventory Management, Regulatory Compliance, Patient Counseling"
Robotics,Embedded Systems Developer,"C/C++, Microcontrollers, RTOS, Device Drivers, Hardware Interfacing, PCB Design"
Civil Engineering,Construction Manager,"Project Scheduling, Cost Control, Resource Allocation, Contract Management, Primavera/MS Project"
Computer Science,Full Stack Developer,"HTML, CSS, JavaScript, React/Angular, Node.js, Express, MongoDB/SQL, REST APIs, Deployment"
Pharmacy,Medical Representative,"Product Knowledge, Sales & Marketing, Communication, Relationship Management, Market Research"
Media,Content Strategist,"SEO, Content Auditing, Planning, UX Writing, Copywriting, Audience Analysis, Analytics"
Civil Engineering,Structural Engineer,"STAAD.Pro/ETABS, RCC Design, Steel Structures, AutoCAD, Load Calculations, Building Codes"
Information Technology,Cloud Architect,"AWS/Azure/GCP, Terraform, Kubernetes, Docker, Cloud Security, Serverless Computing, Infrastructure as Code"
Environmental Science,EHS Officer,"Industrial Safety, ISO 14001/45001, Risk Assessment, Compliance, Incident Investigation, Training"
Computer Science,Full Stack Developer,"HTML, CSS, JavaScript, React/Angular, Node.js, Express, MongoDB/SQL, REST APIs, Deployment"
Robotics,Automation Developer,"PLC Programming, SCADA, Industrial IoT, Python, Machine Vision, Process Control"
Pharmacy,Clinical Research Associate,"GCP Guidelines, Clinical Monitoring, Regulatory Documentation, Protocol Compliance, Data Management"
Banking,Relationship Manager,"Financial Product Knowledge, Sales, CRM, Portfolio Management, Banking Regulations, Communication"
Hotel Management,Event Coordinator,"Logistics Planning, Vendor Management, Budgeting, Audio-Visual Coordination, Marketing"
Law,Corporate Lawyer,"Contract Drafting, Mergers & Acquisitions, Due Diligence, Company Law, Compliance, Negotiation"
Banking,Risk Management Officer,"Operational Risk, Market Risk, Basel Norms, Stress Testing, Quantitative Analysis, Audit Compliance"
Agriculture,Soil Scientist,"Soil Chemistry, Pedology, Hydrology, Environmental Impact Assessment, Lab Analysis, GIS"
Agriculture,Agricultural Consultant,"Farming Strategy, Soil Testing Interpretation, Subsidy Knowledge, Organic Standards, Agri-Business Planning"
UPSC,Public Policy Analyst,"Data Analysis, Policy Evaluation, Socio-economic Research, Report Writing, Stakeholder Engagement"
Robotics,Automation Developer,"PLC Programming, SCADA, Industrial IoT, Python, Machine Vision, Process Control"
Agriculture,Farm Manager,"Operations Management, Supply Chain, Agricultural Finance, Labour Management, Equipment Maintenance"
Environmental Science,Ecologist,"Data Collection, Statistical Analysis (R), Species Identification, Restoration Ecology, Environmental Impact"
Computer Science,AI Engineer,"Python, PyTorch/TensorFlow, Linear Algebra, Neural Networks, Computer Vision, Natural Language Processing"
Medical,Registered Nurse,"Patient Monitoring, Wound Care, Medication Administration, Vital Signs, First Aid, Nursing Ethics"
Hotel Management,Executive Chef,"Menu Design, Culinary Techniques, Food Costing, Kitchen Safety, Staff Training, Inventory Control"
Pharmacy,Drug Safety Officer,"Pharmacovigilance, MedDRA Coding, Safety Database Management, Risk Management, Regulatory Reporting"
Pharmacy,Pharmacologist,"Drug Action Research, Toxicology, Molecular Biology, Clinical Trials, Pharmacokinetics, Lab Operations"
Information Technology,Network Engineer,"TCP/IP, Routing & Switching (CCNA/CCNP), Firewall Configuration, VPN, Network Monitoring Tools, Wireshark"
Pharmacy,Drug Safety Officer,"Pharmacovigilance, MedDRA Coding, Safety Database Management, Risk Management, Regulatory Reporting"
Computer Science,Data Scientist,"Python, R, Statistics, Machine Learning, SQL, Data Visualization (Tableau/PowerBI), Deep Learning, Big Data"
Environmental Science,Sustainability Manager,"ESG Reporting, CSR Strategy, Carbon Footprint Analysis, Resource Efficiency, Stakeholder Reporting"
Medical,Medical Researcher,"Laboratory Techniques, Clinical Trials, Data Analysis (SPSS/SAS), Grant Writing, Biochemistry, Scientific Ethics"
Design,Graphic Designer,"Adobe Illustrator/Photoshop, Branding, Typography, Layout Design, Motion Graphics, Print Media"
Environmental Science,EHS Officer,"Industrial Safety, ISO 14001/45001, Risk Assessment, Compliance, Incident Investigation, Training"
Management,Marketing Executive,"Digital Marketing, SEO/SEM, Content Strategy, Brand Management, Market Research, Analytics"
Medical,General Practitioner,"Clinical Diagnosis, Patient Care, Medical Ethics, Pharmacology, Emergency Medicine, Electronic Health Records (EHR)"
Hotel Management,Restaurant Manager,"Service Quality, F&B Operations, Inventory, Compliance, Staff Scheduling, Customer Satisfaction"
UPSC,IPS Officer,"Law Enforcement, Internal Security, Investigation, Criminology, Public Order Management"
Computer Science,Backend Developer,"Java/Go/Python, SQL, NoSQL (Redis/MongoDB), Microservices, API Design, Docker, Message Queues (Kafka)"
Banking,Risk Management Officer,"Operational Risk, Market Risk, Basel Norms, Stress Testing, Quantitative Analysis, Audit Compliance"
Law,Litigation Lawyer,"Advocacy, Evidence Act, Pleading, Court Procedures, Mediation, Client Counseling"
Design,Graphic Designer,"Adobe Illustrator/Photoshop, Branding, Typography, Layout Design, Motion Graphics, Print Media"
Law,Legal Consultant,"Legal Research, Policy Analysis, Regulatory Compliance, Legal Opinion Writing, Dispute Resolution"
Civil Engineering,Site Engineer,"Execution Management, Surveying, Quality Control, Safety Supervision, Material Management"
Pharmacy,Drug Safety Officer,"Pharmacovigilance, MedDRA Coding, Safety Database Management, Risk Management, Regulatory Reporting"
Pharmacy,Pharmacologist,"Drug Action Research, Toxicology, Molecular Biology, Clinical Trials, Pharmacokinetics, Lab Operations"
UPSC,IAS Officer,"Public Administration, Policy Implementation, Crisis Management, District Governance, Leadership"
Robotics,Embedded Systems Developer,"C/C++, Microcontrollers, RTOS, Device Drivers, Hardware Interfacing, PCB Design"
UPSC,IFS Officer,"Diplomacy, Foreign Policy, International Relations, Negotiation, Cultural Intelligence"
Environmental Science,EHS Officer,"Industrial Safety, ISO 14001/45001, Risk Assessment, Compliance, Incident Investigation, Training"
Law,Compliance Officer,"Regulatory Monitoring, Risk Assessment, AML/KYC, Policy Drafting, Internal Controls, Reporting"
Civil Engineering,Urban Planner,"GIS Mapping, Zoning Laws, Urban Design, Public Policy, Transportation Planning, Sustainability"
Banking,Relationship Manager,"Financial Product Knowledge, Sales, CRM, Portfolio Management, Banking Regulations, Communication"
Civil Engineering,Structural Engineer,"STAAD.Pro/ETABS, RCC Design, Steel Structures, AutoCAD, Load Calculations, Building Codes"
Information Technology,IT Support Specialist,"Technical Troubleshooting, Hardware Maintenance, OS Installation, Customer Support, ITIL, ServiceNow"
Civil Engineering,Construction Manager,"Project Scheduling, Cost Control, Resource Allocation, Contract Management, Primavera/MS Project"
Banking,Risk Management Officer,"Operational Risk, Market Risk, Basel Norms, Stress Testing, Quantitative Analysis, Audit Compliance"
Civil Engineering,Construction Manager,"Project Scheduling, Cost Control, Resource Allocation, Contract Management, Primavera/MS Project"
UPSC,IRS Officer,"Revenue Management, Taxation Laws, Economic Intelligence, Customs & Excise, Financial Investigation"
Computer Science,AI Engineer,"Python, PyTorch/TensorFlow, Linear Algebra, Neural Networks, Computer Vision, Natural Language Processing"
Media,Journalist,"Reporting, Copywriting, Editing, Investigative Research, Interviewing, Media Ethics, Digital Storytelling"
Environmental Science,Sustainability Manager,"ESG Reporting, CSR Strategy, Carbon Footprint Analysis, Resource Efficiency, Stakeholder Reporting"
Design,Fashion Designer,"Apparel Design, Sketching, Textile Knowledge, Pattern Making, Fashion Trends, Garment Construction"
Information Technology,Cybersecurity Analyst,"Network Security, Ethical Hacking, SIEM Tools, Cryptography, Incident Response, Firewall Management, Linux"
Computer Science,AI Engineer,"Python, PyTorch/TensorFlow, Linear Algebra, Neural Networks, Computer Vision, Natural Language Processing"
Law,Corporate Lawyer,"Contract Drafting, Mergers & Acquisitions, Due Diligence, Company Law, Compliance, Negotiation"
Media,Journalist,"Reporting, Copywriting, Editing, Investigative Research, Interviewing, Media Ethics, Digital Storytelling"
Law,Legal Consultant,"Legal Research, Policy Analysis, Regulatory Compliance, Legal Opinion Writing, Dispute Resolution"
Robotics,Control Systems Engineer,"MATLAB/Simulink, PID Control, System Modeling, Circuit Design, Feedback Mechanisms"
Commerce,Financial Analyst,"Financial Modeling, Equity Research, Excel, Investment Analysis, Python for Finance, Reporting"
Law,Compliance Officer,"Regulatory Monitoring, Risk Assessment, AML/KYC, Policy Drafting, Internal Controls, Reporting"
Media,Content Strategist,"SEO, Content Auditing, Planning, UX Writing, Copywriting, Audience Analysis, Analytics"
Robotics,Robotics Engineer,"ROS, C++, Kinematics, Control Systems, Machine Learning, Mechanical Design, Sensor Fusion"
Agriculture,Farm Manager,"Operations Management, Supply Chain, Agricultural Finance, Labour Management, Equipment Maintenance"
Robotics,Automation Developer,"PLC Programming, SCADA, Industrial IoT, Python, Machine Vision, Process Control"
Medical,General Practitioner,"Clinical Diagnosis, Patient Care, Medical Ethics, Pharmacology, Emergency Medicine, Electronic Health Records (EHR)"
Medical,Medical Researcher,"Laboratory Techniques, Clinical Trials, Data Analysis (SPSS/SAS), Grant Writing, Biochemistry, Scientific Ethics"
Civil Engineering,Urban Planner,"GIS Mapping, Zoning Laws, Urban Design, Public Policy, Transportation Planning, Sustainability"
Design,UI/UX Designer,"Figma, User Research, Wireframing, Prototyping, Usability Testing, Visual Design, Information Architecture"
Media,Public Relations Specialist,"Media Relations, Press Releases, Crisis Management, Branding, Networking, Social Media Strategy"
UPSC,IAS Officer,"Public Administration, Policy Implementation, Crisis Management, District Governance, Leadership"
Pharmacy,Medical Representative,"Product Knowledge, Sales & Marketing, Communication, Relationship Management, Market Research"
Environmental Science,Sustainability Manager,"ESG Reporting, CSR Strategy, Carbon Footprint Analysis, Resource Efficiency, Stakeholder Reporting"
Civil Engineering,Urban Planner,"GIS Mapping, Zoning Laws, Urban Design, Public Policy, Transportation Planning, Sustainability"
Management,Operations Manager,"Process Optimization, Six Sigma, Lean Management, Logistics, Procurement, Quality Assurance"
Banking,Relationship Manager,"Financial Product Knowledge, Sales, CRM, Portfolio Management, Banking Regulations, Communication"
Information Technology,Cloud Architect,"AWS/Azure/GCP, Terraform, Kubernetes, Docker, Cloud Security, Serverless Computing, Infrastructure as Code"
Environmental Science,Ecologist,"Data Collection, Statistical Analysis (R), Species Identification, Restoration Ecology, Environmental Impact"
Banking,Credit Analyst,"Financial Statement Analysis, Ratio Analysis, Underwriting, Credit Risk Modeling, Industry Research"
Pharmacy,Pharmacist,"Pharmacology, Drug Interaction Knowledge, Dispensing, Inventory Management, Regulatory Compliance, Patient Counseling"
Information Technology,Network Engineer,"TCP/IP, Routing & Switching (CCNA/CCNP), Firewall Configuration, VPN, Network Monitoring Tools, Wireshark"
Pharmacy,Medical Representative,"Product Knowledge, Sales & Marketing, Communication, Relationship Management, Market Research"
Pharmacy,Pharmacologist,"Drug Action Research, Toxicology, Molecular Biology, Clinical Trials, Pharmacokinetics, Lab Operations"
Design,Product Designer,"3D Modeling, Material Science, Ergonomics, Prototyping, CAD (SolidWorks/Rhino), User-Centric Design"
Pharmacy,Drug Safety Officer,"Pharmacovigilance, MedDRA Coding, Safety Database Management, Risk Management, Regulatory Reporting"
Commerce,Auditor,"Internal Audit, Risk Assessment, Compliance Testing, Verification, Financial Analysis, Reporting"
Medical,Medical Researcher,"Laboratory Techniques, Clinical Trials, Data Analysis (SPSS/SAS), Grant Writing, Biochemistry, Scientific Ethics"
Commerce,Tax Consultant,"Tax Planning, Compliance, Regulatory Filings, International Tax, Legal Documentation"
Environmental Science,Ecologist,"Data Collection, Statistical Analysis (R), Species Identification, Restoration Ecology, Environmental Impact"
Agriculture,Agronomist,"Soil Science, Crop Rotation, Pest Management, Irrigation Systems, Seed Technology, Climate Resilience"
UPSC,IRS Officer,"Revenue Management, Taxation Laws, Economic Intelligence, Customs & Excise, Financial Investigation"
Information Technology,System Administrator,"Linux/Windows Server, Shell Scripting, Networking, Active Directory, Virtualization (VMware/KVM), Security Patching"
Management,Marketing Executive,"Digital Marketing, SEO/SEM, Content Strategy, Brand Management, Market Research, Analytics"
Computer Science,Software Engineer,"Java, Python, Data Structures, Algorithms, System Design, Git, Unit Testing, Agile Methodology"
Law,Corporate Lawyer,"Contract Drafting, Mergers & Acquisitions, Due Diligence, Company Law, Compliance, Negotiation"
Medical,General Practitioner,"Clinical Diagnosis, Patient Care, Medical Ethics, Pharmacology, Emergency Medicine, Electronic Health Records (EHR)"
Agriculture,Food Scientist,"Food Microbiology, Food Safety (HACCP), Product Development, Sensory Evaluation, Packaging Tech"
Banking,Risk Management Officer,"Operational Risk, Market Risk, Basel Norms, Stress Testing, Quantitative Analysis, Audit Compliance"
Robotics,Robotics Engineer,"ROS, C++, Kinematics, Control Systems, Machine Learning, Mechanical Design, Sensor Fusion"
Information Technology,IT Support Specialist,"Technical Troubleshooting, Hardware Maintenance, OS Installation, Customer Support, ITIL, ServiceNow"
Medical,Pediatrician,"Child Development, Neonatal Care, Immunization, Pediatric Diagnosis, Patient Counseling, Nutrition"
Banking,Credit Analyst,"Financial Statement Analysis, Ratio Analysis, Underwriting, Credit Risk Modeling, Industry Research"
Banking,Branch Manager,"Operational Excellence, Team Leadership, Sales Management, Banking Compliance, Customer Retention"
Environmental Science,Conservation Scientist,"Ecology, Habitat Management, GIS, Field Surveying, Environmental Policy, Biodiversity"
Education,School Principal,"Institutional Leadership, Budgeting, Educational Policy, Staff Recruitment, Community Engagement"
Banking,Credit Analyst,"Financial Statement Analysis, Ratio Analysis, Underwriting, Credit Risk Modeling, Industry Research"
Robotics,Automation Developer,"PLC Programming, SCADA, Industrial IoT, Python, Machine Vision, Process Control"
Medical,Pediatrician,"Child Development, Neonatal Care, Immunization, Pediatric Diagnosis, Patient Counseling, Nutrition"
Agriculture,Farm Manager,"Operations Management, Supply Chain, Agricultural Finance, Labour Management, Equipment Maintenance"
Design,UI/UX Designer,"Figma, User Research, Wireframing, Prototyping, Usability Testing, Visual Design, Information Architecture"
Computer Science,Data Scientist,"Python, R, Statistics, Machine Learning, SQL, Data Visualization (Tableau/PowerBI), Deep Learning, Big Data"
Information Technology,IT Support Specialist,"Technical Troubleshooting, Hardware Maintenance, OS Installation, Customer Support, ITIL, ServiceNow"
Commerce,Tax Consultant,"Tax Planning, Compliance, Regulatory Filings, International Tax, Legal Documentation"
Civil Engineering,Construction Manager,"Project Scheduling, Cost Control, Resource Allocation, Contract Management, Primavera/MS Project"
Computer Science,AI Engineer,"Python, PyTorch/TensorFlow, Linear Algebra, Neural Networks, Computer Vision, Natural Language Processing"
Agriculture,Agronomist,"Soil Science, Crop Rotation, Pest Management, Irrigation Systems, Seed Technology, Climate Resilience"
Law,Compliance Officer,"Regulatory Monitoring, Risk Assessment, AML/KYC, Policy Drafting, Internal Controls, Reporting"
Agriculture,Agronomist,"Soil Science, Crop Rotation, Pest Management, Irrigation Systems, Seed Technology, Climate Resilience"
Hotel Management,Executive Chef,"Menu Design, Culinary Techniques, Food Costing, Kitchen Safety, Staff Training, Inventory Control"
Civil Engineering,Construction Manager,"Project Scheduling, Cost Control, Resource Allocation, Contract Management, Primavera/MS Project"
Education,Academic Coordinator,"Curriculum Development, Teacher Training, Assessment Design, Accreditation, Parent-Teacher Relations"
Design,Fashion Designer,"Apparel Design, Sketching, Textile Knowledge, Pattern Making, Fashion Trends, Garment Construction"
Hotel Management,Executive Chef,"Menu Design, Culinary Techniques, Food Costing, Kitchen Safety, Staff Training, Inventory Control"
Pharmacy,Pharmacist,"Pharmacology, Drug Interaction Knowledge, Dispensing, Inventory Management, Regulatory Compliance, Patient Counseling"
Pharmacy,Medical Representative,"Product Knowledge, Sales & Marketing, Communication, Relationship Management, Market Research"
Commerce,Financial Analyst,"Financial Modeling, Equity Research, Excel, Investment Analysis, Python for Finance, Reporting"
Computer Science,Software Engineer,"Java, Python, Data Structures, Algorithms, System Design, Git, Unit Testing, Agile Methodology"
Law,Corporate Lawyer,"Contract Drafting, Mergers & Acquisitions, Due Diligence, Company Law, Compliance, Negotiation"
Design,Graphic Designer,"Adobe Illustrator/Photoshop, Branding, Typography, Layout Design, Motion Graphics, Print Media"
Hotel Management,Executive Chef,"Menu Design, Culinary Techniques, Food Costing, Kitchen Safety, Staff Training, Inventory Control"
Banking,Credit Analyst,"Financial Statement Analysis, Ratio Analysis, Underwriting, Credit Risk Modeling, Industry Research"
UPSC,IAS Officer,"Public Administration, Policy Implementation, Crisis Management, District Governance, Leadership"
Civil Engineering,Structural Engineer,"STAAD.Pro/ETABS, RCC Design, Steel Structures, AutoCAD, Load Calculations, Building Codes"
Law,Compliance Officer,"Regulatory Monitoring, Risk Assessment, AML/KYC, Policy Drafting, Internal Controls, Reporting"
Agriculture,Farm Manager,"Operations Management, Supply Chain, Agricultural Finance, Labour Management, Equipment Maintenance"
Environmental Science,Ecologist,"Data Collection, Statistical Analysis (R), Species Identification, Restoration Ecology, Environmental Impact"
Design,UI/UX Designer,"Figma, User Research, Wireframing, Prototyping, Usability Testing, Visual Design, Information Architecture"
Information Technology,System Administrator,"Linux/Windows Server, Shell Scripting, Networking, Active Directory, Virtualization (VMware/KVM), Security Patching"
Environmental Science,Environmental Consultant,"EIA Reporting, Environmental Auditing, Compliance Monitoring, Waste Management, Sustainability Strategy"
Design,Graphic Designer,"Adobe Illustrator/Photoshop, Branding, Typography, Layout Design, Motion Graphics, Print Media"
Law,Compliance Officer,"Regulatory Monitoring, Risk Assessment, AML/KYC, Policy Drafting, Internal Controls, Reporting"
Agriculture,Agricultural Consultant,"Farming Strategy, Soil Testing Interpretation, Subsidy Knowledge, Organic Standards, Agri-Business Planning"
Information Technology,Cybersecurity Analyst,"Network Security, Ethical Hacking, SIEM Tools, Cryptography, Incident Response, Firewall Management, Linux"
Hotel Management,Event Coordinator,"Logistics Planning, Vendor Management, Budgeting, Audio-Visual Coordination, Marketing"
UPSC,IFS Officer,"Diplomacy, Foreign Policy, International Relations, Negotiation, Cultural Intelligence"
Civil Engineering,Construction Manager,"Project Scheduling, Cost Control, Resource Allocation, Contract Management, Primavera/MS Project"
Banking,Risk Management Officer,"Operational Risk, Market Risk, Basel Norms, Stress Testing, Quantitative Analysis, Audit Compliance"
Hotel Management,Event Coordinator,"Logistics Planning, Vendor Management, Budgeting, Audio-Visual Coordination, Marketing"
Design,Graphic Designer,"Adobe Illustrator/Photoshop, Branding, Typography, Layout Design, Motion Graphics, Print Media"
Law,Litigation Lawyer,"Advocacy, Evidence Act, Pleading, Court Procedures, Mediation, Client Counseling"
Education,Curriculum Developer,"Instructional Design, Learning Outcomes, Educational Psychology, Content Creation, Pedagogy"
Information Technology,Cybersecurity Analyst,"Network Security, Ethical Hacking, SIEM Tools, Cryptography, Incident Response, Firewall Management, Linux"
Law,Compliance Officer,"Regulatory Monitoring, Risk Assessment, AML/KYC, Policy Drafting, Internal Controls, Reporting"
Medical,Medical Researcher,"Laboratory Techniques, Clinical Trials, Data Analysis (SPSS/SAS), Grant Writing, Biochemistry, Scientific Ethics"
Environmental Science,EHS Officer,"Industrial Safety, ISO 14001/45001, Risk Assessment, Compliance, Incident Investigation, Training"
Robotics,Control Systems Engineer,"MATLAB/Simulink, PID Control, System Modeling, Circuit Design, Feedback Mechanisms"
Education,Educational Consultant,"Career Counseling, Institutional Branding, Market Trends in Education, Student Assessment"
Law,Corporate Lawyer,"Contract Drafting, Mergers & Acquisitions, Due Diligence, Company Law, Compliance, Negotiation"
Design,Product Designer,"3D Modeling, Material Science, Ergonomics, Prototyping, CAD (SolidWorks/Rhino), User-Centric Design"
Medical,General Practitioner,"Clinical Diagnosis, Patient Care, Medical Ethics, Pharmacology, Emergency Medicine, Electronic Health Records (EHR)"
Robotics,Automation Developer,"PLC Programming, SCADA, Industrial IoT, Python, Machine Vision, Process Control"
Management,Project Manager,"Agile/Scrum, PMP/PRINCE2, Risk Management, Stakeholder Communication, Budgeting, Resource Planning"
Computer Science,Full Stack Developer,"HTML, CSS, JavaScript, React/Angular, Node.js, Express, MongoDB/SQL, REST APIs, Deployment"
Pharmacy,Medical Representative,"Product Knowledge, Sales & Marketing, Communication, Relationship Management, Market Research"
Pharmacy,Clinical Research Associate,"GCP Guidelines, Clinical Monitoring, Regulatory Documentation, Protocol Compliance, Data Management"
Banking,Investment Banker,"Financial Modeling, Valuation, M&A, IPO Process, Pitch Books, Capital Markets, Excel Mastery"
Agriculture,Soil Scientist,"Soil Chemistry, Pedology, Hydrology, Environmental Impact Assessment, Lab Analysis, GIS"
Robotics,Control Systems Engineer,"MATLAB/Simulink, PID Control, System Modeling, Circuit Design, Feedback Mechanisms"
Agriculture,Agronomist,"Soil Science, Crop Rotation, Pest Management, Irrigation Systems, Seed Technology, Climate Resilience"
Pharmacy,Medical Representative,"Product Knowledge, Sales & Marketing, Communication, Relationship Management, Market Research"
Computer Science,Software Engineer,"Java, Python, Data Structures, Algorithms, System Design, Git, Unit Testing, Agile Methodology"
Banking,Credit Analyst,"Financial Statement Analysis, Ratio Analysis, Underwriting, Credit Risk Modeling, Industry Research"
Banking,Branch Manager,"Operational Excellence, Team Leadership, Sales Management, Banking Compliance, Customer Retention"
Computer Science,Software Engineer,"Java, Python, Data Structures, Algorithms, System Design, Git, Unit Testing, Agile Methodology"
Commerce,Chartered Accountant,"Auditing, Financial Reporting, Taxation (GST/Income Tax), Corporate Law, Cost Accounting, SAP/Tally"
Commerce,Chartered Accountant,"Auditing, Financial Reporting, Taxation (GST/Income Tax), Corporate Law, Cost Accounting, SAP/Tally"
Management,Marketing Executive,"Digital Marketing, SEO/SEM, Content Strategy, Brand Management, Market Research, Analytics"
Medical,Medical Researcher,"Laboratory Techniques, Clinical Trials, Data Analysis (SPSS/SAS), Grant Writing, Biochemistry, Scientific Ethics"
Design,Graphic Designer,"Adobe Illustrator/Photoshop, Branding, Typography, Layout Design, Motion Graphics, Print Media"
Information Technology,IT Support Specialist,"Technical Troubleshooting, Hardware Maintenance, OS Installation, Customer Support, ITIL, ServiceNow"
Management,Operations Manager,"Process Optimization, Six Sigma, Lean Management, Logistics, Procurement, Quality Assurance"
Design,UI/UX Designer,"Figma, User Research, Wireframing, Prototyping, Usability Testing, Visual Design, Information Architecture"
Pharmacy,Medical Representative,"Product Knowledge, Sales & Marketing, Communication, Relationship Management, Market Research"
Design,Interior Designer,"Space Planning, AutoCAD/SketchUp, Material Selection, Lighting Design, 3D Rendering, Project Management"
Banking,Relationship Manager,"Financial Product Knowledge, Sales, CRM, Portfolio Management, Banking Regulations, Communication"
Management,Business Analyst,"Requirement Gathering, Gap Analysis, SQL, Data Visualization, BPMN, Documentation, User Stories"
Information Technology,Cloud Architect,"AWS/Azure/GCP, Terraform, Kubernetes, Docker, Cloud Security, Serverless Computing, Infrastructure as Code"
Medical,Pediatrician,"Child Development, Neonatal Care, Immunization, Pediatric Diagnosis, Patient Counseling, Nutrition"
Agriculture,Agronomist,"Soil Science, Crop Rotation, Pest Management, Irrigation Systems, Seed Technology, Climate Resilience"
Law,IPR Lawyer,"Patent Drafting, Trademark Prosecution, Copyright Law, Intellectual Property Strategy, Licensing"
Banking,Credit Analyst,"Financial Statement Analysis, Ratio Analysis, Underwriting, Credit Risk Modeling, Industry Research"
Hotel Management,Event Coordinator,"Logistics Planning, Vendor Management, Budgeting, Audio-Visual Coordination, Marketing"
Environmental Science,Environmental Consultant,"EIA Reporting, Environmental Auditing, Compliance Monitoring, Waste Management, Sustainability Strategy"
Agriculture,Agronomist,"Soil Science, Crop Rotation, Pest Management, Irrigation Systems, Seed Technology, Climate Resilience"
Banking,Risk Management Officer,"Operational Risk, Market Risk, Basel Norms, Stress Testing, Quantitative Analysis, Audit Compliance"
Design,Fashion Designer,"Apparel Design, Sketching, Textile Knowledge, Pattern Making, Fashion Trends, Garment Construction"
Education,Educational Consultant,"Career Counseling, Institutional Branding, Market Trends in Education, Student Assessment"
UPSC,Public Policy Analyst,"Data Analysis, Policy Evaluation, Socio-economic Research, Report Writing, Stakeholder Engagement"
Computer Science,Data Scientist,"Python, R, Statistics, Machine Learning, SQL, Data Visualization (Tableau/PowerBI), Deep Learning, Big Data"
Commerce,Investment Advisor,"Wealth Management, Portfolio Rebalancing, Financial Planning, Asset Allocation, Market Analysis"
Banking,Investment Banker,"Financial Modeling, Valuation, M&A, IPO Process, Pitch Books, Capital Markets, Excel Mastery"
Commerce,Auditor,"Internal Audit, Risk Assessment, Compliance Testing, Verification, Financial Analysis, Reporting"
Banking,Relationship Manager,"Financial Product Knowledge, Sales, CRM, Portfolio Management, Banking Regulations, Communication"
Law,Litigation Lawyer,"Advocacy, Evidence Act, Pleading, Court Procedures, Mediation, Client Counseling"
Design,Product Designer,"3D Modeling, Material Science, Ergonomics, Prototyping, CAD (SolidWorks/Rhino), User-Centric Design"
Agriculture,Agricultural Consultant,"Farming Strategy, Soil Testing Interpretation, Subsidy Knowledge, Organic Standards, Agri-Business Planning"
Pharmacy,Clinical Research Associate,"GCP Guidelines, Clinical Monitoring, Regulatory Documentation, Protocol Compliance, Data Management"
Banking,Investment Banker,"Financial Modeling, Valuation, M&A, IPO Process, Pitch Books, Capital Markets, Excel Mastery"
Information Technology,IT Support Specialist,"Technical Troubleshooting, Hardware Maintenance, OS Installation, Customer Support, ITIL, ServiceNow"
Media,Content Strategist,"SEO, Content Auditing, Planning, UX Writing, Copywriting, Audience Analysis, Analytics"
Banking,Risk Management Officer,"Operational Risk, Market Risk, Basel Norms, Stress Testing, Quantitative Analysis, Audit Compliance"
Management,Marketing Executive,"Digital Marketing, SEO/SEM, Content Strategy, Brand Management, Market Research, Analytics"
Commerce,Tax Consultant,"Tax Planning, Compliance, Regulatory Filings, International Tax, Legal Documentation"
Computer Science,Software Engineer,"Java, Python, Data Structures, Algorithms, System Design, Git, Unit Testing, Agile Methodology"
Environmental Science,Sustainability Manager,"ESG Reporting, CSR Strategy, Carbon Footprint Analysis, Resource Efficiency, Stakeholder Reporting"
Robotics,Robotics Engineer,"ROS, C++, Kinematics, Control Systems, Machine Learning, Mechanical Design, Sensor Fusion"
Hotel Management,Event Coordinator,"Logistics Planning, Vendor Management, Budgeting, Audio-Visual Coordination, Marketing"
Hotel Management,Event Coordinator,"Logistics Planning, Vendor Management, Budgeting, Audio-Visual Coordination, Marketing"
Education,Educational Consultant,"Career Counseling, Institutional Branding, Market Trends in Education, Student Assessment"
Hotel Management,Hotel Manager,"Property Management, Revenue Management, Guest Relations, Hospitality Standards, Staff Supervision"
Environmental Science,Environmental Consultant,"EIA Reporting, Environmental Auditing, Compliance Monitoring, Waste Management, Sustainability Strategy"
Commerce,Investment Advisor,"Wealth Management, Portfolio Rebalancing, Financial Planning, Asset Allocation, Market Analysis"
Management,Business Analyst,"Requirement Gathering, Gap Analysis, SQL, Data Visualization, BPMN, Documentation, User Stories"
Design,Product Designer,"3D Modeling, Material Science, Ergonomics, Prototyping, CAD (SolidWorks/Rhino), User-Centric Design"
Civil Engineering,Quantity Surveyor,"Cost Estimation, Tendering, Bill of Quantities (BOQ), Measurement, Contract Administration"
Law,IPR Lawyer,"Patent Drafting, Trademark Prosecution, Copyright Law, Intellectual Property Strategy, Licensing"
Information Technology,Cloud Architect,"AWS/Azure/GCP, Terraform, Kubernetes, Docker, Cloud Security, Serverless Computing, Infrastructure as Code"
Design,Interior Designer,"Space Planning, AutoCAD/SketchUp, Material Selection, Lighting Design, 3D Rendering, Project Management"
Commerce,Chartered Accountant,"Auditing, Financial Reporting, Taxation (GST/Income Tax), Corporate Law, Cost Accounting, SAP/Tally"
Hotel Management,Hotel Manager,"Property Management, Revenue Management, Guest Relations, Hospitality Standards, Staff Supervision"
Law,IPR Lawyer,"Patent Drafting, Trademark Prosecution, Copyright Law, Intellectual Property Strategy, Licensing"
Management,Operations Manager,"Process Optimization, Six Sigma, Lean Management, Logistics, Procurement, Quality Assurance"
Media,Social Media Manager,"Ad Campaigns, Influencer Management, Content Calendar, Analytics, Community Engagement, Platform Trends"
Computer Science,Backend Developer,"Java/Go/Python, SQL, NoSQL (Redis/MongoDB), Microservices, API Design, Docker, Message Queues (Kafka)"
Environmental Science,EHS Officer,"Industrial Safety, ISO 14001/45001, Risk Assessment, Compliance, Incident Investigation, Training"
Medical,Surgeon,"Surgical Procedures, Anatomy, Pre-operative Care, Medical Imaging Interpretation, Specialized Tool Handling"
Robotics,Automation Developer,"PLC Programming, SCADA, Industrial IoT, Python, Machine Vision, Process Control"
Medical,Surgeon,"Surgical Procedures, Anatomy, Pre-operative Care, Medical Imaging Interpretation, Specialized Tool Handling"
UPSC,IFS Officer,"Diplomacy, Foreign Policy, International Relations, Negotiation, Cultural Intelligence"
Management,Business Analyst,"Requirement Gathering, Gap Analysis, SQL, Data Visualization, BPMN, Documentation, User Stories"
Media,Public Relations Specialist,"Media Relations, Press Releases, Crisis Management, Branding, Networking, Social Media Strategy"
Environmental Science,Ecologist,"Data Collection, Statistical Analysis (R), Species Identification, Restoration Ecology, Environmental Impact"
Robotics,Control Systems Engineer,"MATLAB/Simulink, PID Control, System Modeling, Circuit Design, Feedback Mechanisms"
Law,Litigation Lawyer,"Advocacy, Evidence Act, Pleading, Court Procedures, Mediation, Client Counseling"
Education,Educational Consultant,"Career Counseling, Institutional Branding, Market Trends in Education, Student Assessment"
Education,Curriculum Developer,"Instructional Design, Learning Outcomes, Educational Psychology, Content Creation, Pedagogy"
Environmental Science,Ecologist,"Data Collection, Statistical Analysis (R), Species Identification, Restoration Ecology, Environmental Impact"
Hotel Management,Restaurant Manager,"Service Quality, F&B Operations, Inventory, Compliance, Staff Scheduling, Customer Satisfaction"
Information Technology,Cloud Architect,"AWS/Azure/GCP, Terraform, Kubernetes, Docker, Cloud Security, Serverless Computing, Infrastructure as Code"
Commerce,Auditor,"Internal Audit, Risk Assessment, Compliance Testing, Verification, Financial Analysis, Reporting"
Commerce,Auditor,"Internal Audit, Risk Assessment, Compliance Testing, Verification, Financial Analysis, Reporting"
UPSC,IAS Officer,"Public Administration, Policy Implementation, Crisis Management, District Governance, Leadership"
Medical,Surgeon,"Surgical Procedures, Anatomy, Pre-operative Care, Medical Imaging Interpretation, Specialized Tool Handling"
Agriculture,Soil Scientist,"Soil Chemistry, Pedology, Hydrology, Environmental Impact Assessment, Lab Analysis, GIS"
Computer Science,Backend Developer,"Java/Go/Python, SQL, NoSQL (Redis/MongoDB), Microservices, API Design, Docker, Message Queues (Kafka)"
Computer Science,AI Engineer,"Python, PyTorch/TensorFlow, Linear Algebra, Neural Networks, Computer Vision, Natural Language Processing"
Management,Marketing Executive,"Digital Marketing, SEO/SEM, Content Strategy, Brand Management, Market Research, Analytics"
Media,Public Relations Specialist,"Media Relations, Press Releases, Crisis Management, Branding, Networking, Social Media Strategy"
Medical,Medical Researcher,"Laboratory Techniques, Clinical Trials, Data Analysis (SPSS/SAS), Grant Writing, Biochemistry, Scientific Ethics"
Medical,Registered Nurse,"Patient Monitoring, Wound Care, Medication Administration, Vital Signs, First Aid, Nursing Ethics"
Law,Legal Consultant,"Legal Research, Policy Analysis, Regulatory Compliance, Legal Opinion Writing, Dispute Resolution"
Media,Social Media Manager,"Ad Campaigns, Influencer Management, Content Calendar, Analytics, Community Engagement, Platform Trends"
Computer Science,Backend Developer,"Java/Go/Python, SQL, NoSQL (Redis/MongoDB), Microservices, API Design, Docker, Message Queues (Kafka)"
UPSC,Public Policy Analyst,"Data Analysis, Policy Evaluation, Socio-economic Research, Report Writing, Stakeholder Engagement"
Robotics,Computer Vision Engineer,"OpenCV, Deep Learning, Image Processing, SLAM, Python, Neural Networks, Linear Algebra"
Environmental Science,Ecologist,"Data Collection, Statistical Analysis (R), Species Identification, Restoration Ecology, Environmental Impact"
Medical,General Practitioner,"Clinical Diagnosis, Patient Care, Medical Ethics, Pharmacology, Emergency Medicine, Electronic Health Records (EHR)"
Civil Engineering,Construction Manager,"Project Scheduling, Cost Control, Resource Allocation, Contract Management, Primavera/MS Project"
Media,Journalist,"Reporting, Copywriting, Editing, Investigative Research, Interviewing, Media Ethics, Digital Storytelling"
Design,UI/UX Designer,"Figma, User Research, Wireframing, Prototyping, Usability Testing, Visual Design, Information Architecture"
Medical,Pediatrician,"Child Development, Neonatal Care, Immunization, Pediatric Diagnosis, Patient Counseling, Nutrition"
Media,Public Relations Specialist,"Media Relations, Press Releases, Crisis Management, Branding, Networking, Social Media Strategy"
Computer Science,AI Engineer,"Python, PyTorch/TensorFlow, Linear Algebra, Neural Networks, Computer Vision, Natural Language Processing"
Agriculture,Agronomist,"Soil Science, Crop Rotation, Pest Management, Irrigation Systems, Seed Technology, Climate Resilience"
Commerce,Tax Consultant,"Tax Planning, Compliance, Regulatory Filings, International Tax, Legal Documentation"
Medical,Medical Researcher,"Laboratory Techniques, Clinical Trials, Data Analysis (SPSS/SAS), Grant Writing, Biochemistry, Scientific Ethics"
Information Technology,Network Engineer,"TCP/IP, Routing & Switching (CCNA/CCNP), Firewall Configuration, VPN, Network Monitoring Tools, Wireshark"
Environmental Science,Ecologist,"Data Collection, Statistical Analysis (R), Species Identification, Restoration Ecology, Environmental Impact"
Agriculture,Food Scientist,"Food Microbiology, Food Safety (HACCP), Product Development, Sensory Evaluation, Packaging Tech"
Computer Science,Software Engineer,"Java, Python, Data Structures, Algorithms, System Design, Git, Unit Testing, Agile Methodology"
Civil Engineering,Structural Engineer,"STAAD.Pro/ETABS, RCC Design, Steel Structures, AutoCAD, Load Calculations, Building Codes"
Pharmacy,Clinical Research Associate,"GCP Guidelines, Clinical Monitoring, Regulatory Documentation, Protocol Compliance, Data Management"
Robotics,Robotics Engineer,"ROS, C++, Kinematics, Control Systems, Machine Learning, Mechanical Design, Sensor Fusion"
Agriculture,Food Scientist,"Food Microbiology, Food Safety (HACCP), Product Development, Sensory Evaluation, Packaging Tech"
Information Technology,Cloud Architect,"AWS/Azure/GCP, Terraform, Kubernetes, Docker, Cloud Security, Serverless Computing, Infrastructure as Code"
Hotel Management,Executive Chef,"Menu Design, Culinary Techniques, Food Costing, Kitchen Safety, Staff Training, Inventory Control"
Design,Interior Designer,"Space Planning, AutoCAD/SketchUp, Material Selection, Lighting Design, 3D Rendering, Project Management"
Robotics,Robotics Engineer,"ROS, C++, Kinematics, Control Systems, Machine Learning, Mechanical Design, Sensor Fusion"
Commerce,Chartered Accountant,"Auditing, Financial Reporting, Taxation (GST/Income Tax), Corporate Law, Cost Accounting, SAP/Tally"
Banking,Investment Banker,"Financial Modeling, Valuation, M&A, IPO Process, Pitch Books, Capital Markets, Excel Mastery"
Robotics,Computer Vision Engineer,"OpenCV, Deep Learning, Image Processing, SLAM, Python, Neural Networks, Linear Algebra"
Robotics,Automation Developer,"PLC Programming, SCADA, Industrial IoT, Python, Machine Vision, Process Control"
Commerce,Financial Analyst,"Financial Modeling, Equity Research, Excel, Investment Analysis, Python for Finance, Reporting"
Medical,General Practitioner,"Clinical Diagnosis, Patient Care, Medical Ethics, Pharmacology, Emergency Medicine, Electronic Health Records (EHR)"
Law,Litigation Lawyer,"Advocacy, Evidence Act, Pleading, Court Procedures, Mediation, Client Counseling"
Medical,Registered Nurse,"Patient Monitoring, Wound Care, Medication Administration, Vital Signs, First Aid, Nursing Ethics"
Computer Science,Full Stack Developer,"HTML, CSS, JavaScript, React/Angular, Node.js, Express, MongoDB/SQL, REST APIs, Deployment"
Commerce,Tax Consultant,"Tax Planning, Compliance, Regulatory Filings, International Tax, Legal Documentation"
Banking,Branch Manager,"Operational Excellence, Team Leadership, Sales Management, Banking Compliance, Customer Retention"
Media,Social Media Manager,"Ad Campaigns, Influencer Management, Content Calendar, Analytics, Community Engagement, Platform Trends"
Commerce,Auditor,"Internal Audit, Risk Assessment, Compliance Testing, Verification, Financial Analysis, Reporting"
Media,Video Editor,"Adobe Premiere Pro/After Effects, Color Grading, Sound Design, Storyboarding, Post-Production"
Environmental Science,Sustainability Manager,"ESG Reporting, CSR Strategy, Carbon Footprint Analysis, Resource Efficiency, Stakeholder Reporting"
Design,Interior Designer,"Space Planning, AutoCAD/SketchUp, Material Selection, Lighting Design, 3D Rendering, Project Management"
UPSC,IAS Officer,"Public Administration, Policy Implementation, Crisis Management, District Governance, Leadership"
Banking,Risk Management Officer,"Operational Risk, Market Risk, Basel Norms, Stress Testing, Quantitative Analysis, Audit Compliance"
Media,Social Media Manager,"Ad Campaigns, Influencer Management, Content Calendar, Analytics, Community Engagement, Platform Trends"
Information Technology,Cloud Architect,"AWS/Azure/GCP, Terraform, Kubernetes, Docker, Cloud Security, Serverless Computing, Infrastructure as Code"
Education,Educational Consultant,"Career Counseling, Institutional Branding, Market Trends in Education, Student Assessment"
Pharmacy,Drug Safety Officer,"Pharmacovigilance, MedDRA Coding, Safety Database Management, Risk Management, Regulatory Reporting"
Law,Legal Consultant,"Legal Research, Policy Analysis, Regulatory Compliance, Legal Opinion Writing, Dispute Resolution"
Civil Engineering,Quantity Surveyor,"Cost Estimation, Tendering, Bill of Quantities (BOQ), Measurement, Contract Administration"
Media,Public Relations Specialist,"Media Relations, Press Releases, Crisis Management, Branding, Networking, Social Media Strategy"
UPSC,IAS Officer,"Public Administration, Policy Implementation, Crisis Management, District Governance, Leadership"
Environmental Science,Sustainability Manager,"ESG Reporting, CSR Strategy, Carbon Footprint Analysis, Resource Efficiency, Stakeholder Reporting"
Agriculture,Farm Manager,"Operations Management, Supply Chain, Agricultural Finance, Labour Management, Equipment Maintenance"
Hotel Management,Restaurant Manager,"Service Quality, F&B Operations, Inventory, Compliance, Staff Scheduling, Customer Satisfaction"
Robotics,Robotics Engineer,"ROS, C++, Kinematics, Control Systems, Machine Learning, Mechanical Design, Sensor Fusion"
Commerce,Chartered Accountant,"Auditing, Financial Reporting, Taxation (GST/Income Tax), Corporate Law, Cost Accounting, SAP/Tally"
Hotel Management,Hotel Manager,"Property Management, Revenue Management, Guest Relations, Hospitality Standards, Staff Supervision"
Computer Science,Software Engineer,"Java, Python, Data Structures, Algorithms, System Design, Git, Unit Testing, Agile Methodology"
Banking,Relationship Manager,"Financial Product Knowledge, Sales, CRM, Portfolio Management, Banking Regulations, Communication"
Law,Compliance Officer,"Regulatory Monitoring, Risk Assessment, AML/KYC, Policy Drafting, Internal Controls, Reporting"
Civil Engineering,Urban Planner,"GIS Mapping, Zoning Laws, Urban Design, Public Policy, Transportation Planning, Sustainability"
UPSC,IPS Officer,"Law Enforcement, Internal Security, Investigation, Criminology, Public Order Management"
Media,Public Relations Specialist,"Media Relations, Press Releases, Crisis Management, Branding, Networking, Social Media Strategy"
Commerce,Auditor,"Internal Audit, Risk Assessment, Compliance Testing, Verification, Financial Analysis, Reporting"
Management,Operations Manager,"Process Optimization, Six Sigma, Lean Management, Logistics, Procurement, Quality Assurance"
Environmental Science,Ecologist,"Data Collection, Statistical Analysis (R), Species Identification, Restoration Ecology, Environmental Impact"
Design,Graphic Designer,"Adobe Illustrator/Photoshop, Branding, Typography, Layout Design, Motion Graphics, Print Media"
Hotel Management,Event Coordinator,"Logistics Planning, Vendor Management, Budgeting, Audio-Visual Coordination, Marketing"
UPSC,IPS Officer,"Law Enforcement, Internal Security, Investigation, Criminology, Public Order Management"
Media,Content Strategist,"SEO, Content Auditing, Planning, UX Writing, Copywriting, Audience Analysis, Analytics"
Banking,Relationship Manager,"Financial Product Knowledge, Sales, CRM, Portfolio Management, Banking Regulations, Communication"
Banking,Investment Banker,"Financial Modeling, Valuation, M&A, IPO Process, Pitch Books, Capital Markets, Excel Mastery"
Computer Science,Backend Developer,"Java/Go/Python, SQL, NoSQL (Redis/MongoDB), Microservices, API Design, Docker, Message Queues (Kafka)"
Education,Curriculum Developer,"Instructional Design, Learning Outcomes, Educational Psychology, Content Creation, Pedagogy"
Commerce,Tax Consultant,"Tax Planning, Compliance, Regulatory Filings, International Tax, Legal Documentation"
Law,Legal Consultant,"Legal Research, Policy Analysis, Regulatory Compliance, Legal Opinion Writing, Dispute Resolution"
Information Technology,Network Engineer,"TCP/IP, Routing & Switching (CCNA/CCNP), Firewall Configuration, VPN, Network Monitoring Tools, Wireshark"
Pharmacy,Pharmacologist,"Drug Action Research, Toxicology, Molecular Biology, Clinical Trials, Pharmacokinetics, Lab Operations"
Agriculture,Soil Scientist,"Soil Chemistry, Pedology, Hydrology, Environmental Impact Assessment, Lab Analysis, GIS"
Robotics,Automation Developer,"PLC Programming, SCADA, Industrial IoT, Python, Machine Vision, Process Control"
Management,Project Manager,"Agile/Scrum, PMP/PRINCE2, Risk Management, Stakeholder Communication, Budgeting, Resource Planning"
Agriculture,Agronomist,"Soil Science, Crop Rotation, Pest Management, Irrigation Systems, Seed Technology, Climate Resilience"
UPSC,IAS Officer,"Public Administration, Policy Implementation, Crisis Management, District Governance, Leadership"
Information Technology,Network Engineer,"TCP/IP, Routing & Switching (CCNA/CCNP), Firewall Configuration, VPN, Network Monitoring Tools, Wireshark"
Law,Compliance Officer,"Regulatory Monitoring, Risk Assessment, AML/KYC, Policy Drafting, Internal Controls, Reporting"
Information Technology,Cloud Architect,"AWS/Azure/GCP, Terraform, Kubernetes, Docker, Cloud Security, Serverless Computing, Infrastructure as Code"
Robotics,Embedded Systems Developer,"C/C++, Microcontrollers, RTOS, Device Drivers, Hardware Interfacing, PCB Design"
Law,Corporate Lawyer,"Contract Drafting, Mergers & Acquisitions, Due Diligence, Company Law, Compliance, Negotiation"
Agriculture,Food Scientist,"Food Microbiology, Food Safety (HACCP), Product Development, Sensory Evaluation, Packaging Tech"
UPSC,IFS Officer,"Diplomacy, Foreign Policy, International Relations, Negotiation, Cultural Intelligence"
Media,Journalist,"Reporting, Copywriting, Editing, Investigative Research, Interviewing, Media Ethics, Digital Storytelling"
Education,School Principal,"Institutional Leadership, Budgeting, Educational Policy, Staff Recruitment, Community Engagement"
Media,Video Editor,"Adobe Premiere Pro/After Effects, Color Grading, Sound Design, Storyboarding, Post-Production"
Media,Video Editor,"Adobe Premiere Pro/After Effects, Color Grading, Sound Design, Storyboarding, Post-Production"
UPSC,IRS Officer,"Revenue Management, Taxation Laws, Economic Intelligence, Customs & Excise, Financial Investigation"
Robotics,Embedded Systems Developer,"C/C++, Microcontrollers, RTOS, Device Drivers, Hardware Interfacing, PCB Design"
Banking,Risk Management Officer,"Operational Risk, Market Risk, Basel Norms, Stress Testing, Quantitative Analysis, Audit Compliance"
Agriculture,Soil Scientist,"Soil Chemistry, Pedology, Hydrology, Environmental Impact Assessment, Lab Analysis, GIS"
Civil Engineering,Construction Manager,"Project Scheduling, Cost Control, Resource Allocation, Contract Management, Primavera/MS Project"
Education,Educational Consultant,"Career Counseling, Institutional Branding, Market Trends in Education, Student Assessment"
Pharmacy,Drug Safety Officer,"Pharmacovigilance, MedDRA Coding, Safety Database Management, Risk Management, Regulatory Reporting"
Civil Engineering,Construction Manager,"Project Scheduling, Cost Control, Resource Allocation, Contract Management, Primavera/MS Project"
Information Technology,Cloud Architect,"AWS/Azure/GCP, Terraform, Kubernetes, Docker, Cloud Security, Serverless Computing, Infrastructure as Code"
Information Technology,System Administrator,"Linux/Windows Server, Shell Scripting, Networking, Active Directory, Virtualization (VMware/KVM), Security Patching"
Medical,Surgeon,"Surgical Procedures, Anatomy, Pre-operative Care, Medical Imaging Interpretation, Specialized Tool Handling"
Information Technology,Cloud Architect,"AWS/Azure/GCP, Terraform, Kubernetes, Docker, Cloud Security, Serverless Computing, Infrastructure as Code"
Agriculture,Farm Manager,"Operations Management, Supply Chain, Agricultural Finance, Labour Management, Equipment Maintenance"
Banking,Relationship Manager,"Financial Product Knowledge, Sales, CRM, Portfolio Management, Banking Regulations, Communication"
Commerce,Auditor,"Internal Audit, Risk Assessment, Compliance Testing, Verification, Financial Analysis, Reporting"
Computer Science,Software Engineer,"Java, Python, Data Structures, Algorithms, System Design, Git, Unit Testing, Agile Methodology"
Civil Engineering,Structural Engineer,"STAAD.Pro/ETABS, RCC Design, Steel Structures, AutoCAD, Load Calculations, Building Codes"
Computer Science,Data Scientist,"Python, R, Statistics, Machine Learning, SQL, Data Visualization (Tableau/PowerBI), Deep Learning, Big Data"
Medical,Medical Researcher,"Laboratory Techniques, Clinical Trials, Data Analysis (SPSS/SAS), Grant Writing, Biochemistry, Scientific Ethics"
Environmental Science,Conservation Scientist,"Ecology, Habitat Management, GIS, Field Surveying, Environmental Policy, Biodiversity"
Law,Legal Consultant,"Legal Research, Policy Analysis, Regulatory Compliance, Legal Opinion Writing, Dispute Resolution"
Management,Operations Manager,"Process Optimization, Six Sigma, Lean Management, Logistics, Procurement, Quality Assurance"
Robotics,Embedded Systems Developer,"C/C++, Microcontrollers, RTOS, Device Drivers, Hardware Interfacing, PCB Design"
Design,Interior Designer,"Space Planning, AutoCAD/SketchUp, Material Selection, Lighting Design, 3D Rendering, Project Management"
Robotics,Automation Developer,"PLC Programming, SCADA, Industrial IoT, Python, Machine Vision, Process Control"
Banking,Branch Manager,"Operational Excellence, Team Leadership, Sales Management, Banking Compliance, Customer Retention"
Education,Academic Coordinator,"Curriculum Development, Teacher Training, Assessment Design, Accreditation, Parent-Teacher Relations"
Law,Legal Consultant,"Legal Research, Policy Analysis, Regulatory Compliance, Legal Opinion Writing, Dispute Resolution"
Civil Engineering,Site Engineer,"Execution Management, Surveying, Quality Control, Safety Supervision, Material Management"
Computer Science,AI Engineer,"Python, PyTorch/TensorFlow, Linear Algebra, Neural Networks, Computer Vision, Natural Language Processing"
UPSC,Public Policy Analyst,"Data Analysis, Policy Evaluation, Socio-economic Research, Report Writing, Stakeholder Engagement"
Medical,Registered Nurse,"Patient Monitoring, Wound Care, Medication Administration, Vital Signs, First Aid, Nursing Ethics"
Agriculture,Agricultural Consultant,"Farming Strategy, Soil Testing Interpretation, Subsidy Knowledge, Organic Standards, Agri-Business Planning"
Civil Engineering,Urban Planner,"GIS Mapping, Zoning Laws, Urban Design, Public Policy, Transportation Planning, Sustainability"
Agriculture,Food Scientist,"Food Microbiology, Food Safety (HACCP), Product Development, Sensory Evaluation, Packaging Tech"
Banking,Relationship Manager,"Financial Product Knowledge, Sales, CRM, Portfolio Management, Banking Regulations, Communication"
Environmental Science,Sustainability Manager,"ESG Reporting, CSR Strategy, Carbon Footprint Analysis, Resource Efficiency, Stakeholder Reporting"
UPSC,IPS Officer,"Law Enforcement, Internal Security, Investigation, Criminology, Public Order Management"
Agriculture,Food Scientist,"Food Microbiology, Food Safety (HACCP), Product Development, Sensory Evaluation, Packaging Tech"
Design,Interior Designer,"Space Planning, AutoCAD/SketchUp, Material Selection, Lighting Design, 3D Rendering, Project Management"
Management,Marketing Executive,"Digital Marketing, SEO/SEM, Content Strategy, Brand Management, Market Research, Analytics"
Medical,General Practitioner,"Clinical Diagnosis, Patient Care, Medical Ethics, Pharmacology, Emergency Medicine, Electronic Health Records (EHR)"
Commerce,Financial Analyst,"Financial Modeling, Equity Research, Excel, Investment Analysis, Python for Finance, Reporting"
Hotel Management,Event Coordinator,"Logistics Planning, Vendor Management, Budgeting, Audio-Visual Coordination, Marketing"
Computer Science,Software Engineer,"Java, Python, Data Structures, Algorithms, System Design, Git, Unit Testing, Agile Methodology"
Education,Academic Coordinator,"Curriculum Development, Teacher Training, Assessment Design, Accreditation, Parent-Teacher Relations"
Management,Business Analyst,"Requirement Gathering, Gap Analysis, SQL, Data Visualization, BPMN, Documentation, User Stories"
Media,Social Media Manager,"Ad Campaigns, Influencer Management, Content Calendar, Analytics, Community Engagement, Platform Trends"
Banking,Investment Banker,"Financial Modeling, Valuation, M&A, IPO Process, Pitch Books, Capital Markets, Excel Mastery"
Education,Academic Coordinator,"Curriculum Development, Teacher Training, Assessment Design, Accreditation, Parent-Teacher Relations"
Banking,Risk Management Officer,"Operational Risk, Market Risk, Basel Norms, Stress Testing, Quantitative Analysis, Audit Compliance"
Banking,Investment Banker,"Financial Modeling, Valuation, M&A, IPO Process, Pitch Books, Capital Markets, Excel Mastery"
Law,Legal Consultant,"Legal Research, Policy Analysis, Regulatory Compliance, Legal Opinion Writing, Dispute Resolution"
Robotics,Control Systems Engineer,"MATLAB/Simulink, PID Control, System Modeling, Circuit Design, Feedback Mechanisms"
Hotel Management,Executive Chef,"Menu Design, Culinary Techniques, Food Costing, Kitchen Safety, Staff Training, Inventory Control"
Design,Interior Designer,"Space Planning, AutoCAD/SketchUp, Material Selection, Lighting Design, 3D Rendering, Project Management"
UPSC,IFS Officer,"Diplomacy, Foreign Policy, International Relations, Negotiation, Cultural Intelligence"
Media,Journalist,"Reporting, Copywriting, Editing, Investigative Research, Interviewing, Media Ethics, Digital Storytelling"
Hotel Management,Executive Chef,"Menu Design, Culinary Techniques, Food Costing, Kitchen Safety, Staff Training, Inventory Control"
Environmental Science,Ecologist,"Data Collection, Statistical Analysis (R), Species Identification, Restoration Ecology, Environmental Impact"
Robotics,Computer Vision Engineer,"OpenCV, Deep Learning, Image Processing, SLAM, Python, Neural Networks, Linear Algebra"
Hotel Management,Hotel Manager,"Property Management, Revenue Management, Guest Relations, Hospitality Standards, Staff Supervision"
UPSC,IPS Officer,"Law Enforcement, Internal Security, Investigation, Criminology, Public Order Management"
Robotics,Robotics Engineer,"ROS, C++, Kinematics, Control Systems, Machine Learning, Mechanical Design, Sensor Fusion"
Law,Litigation Lawyer,"Advocacy, Evidence Act, Pleading, Court Procedures, Mediation, Client Counseling"
Computer Science,Full Stack Developer,"HTML, CSS, JavaScript, React/Angular, Node.js, Express, MongoDB/SQL, REST APIs, Deployment"
UPSC,IRS Officer,"Revenue Management, Taxation Laws, Economic Intelligence, Customs & Excise, Financial Investigation"
Design,Fashion Designer,"Apparel Design, Sketching, Textile Knowledge, Pattern Making, Fashion Trends, Garment Construction"
UPSC,IFS Officer,"Diplomacy, Foreign Policy, International Relations, Negotiation, Cultural Intelligence"
Management,HR Manager,"Talent Acquisition, Employee Engagement, Payroll Management, Labor Laws, Performance Appraisal, Conflict Resolution"
Education,Curriculum Developer,"Instructional Design, Learning Outcomes, Educational Psychology, Content Creation, Pedagogy"
Banking,Branch Manager,"Operational Excellence, Team Leadership, Sales Management, Banking Compliance, Customer Retention"
Commerce,Auditor,"Internal Audit, Risk Assessment, Compliance Testing, Verification, Financial Analysis, Reporting"
Computer Science,AI Engineer,"Python, PyTorch/TensorFlow, Linear Algebra, Neural Networks, Computer Vision, Natural Language Processing"
Education,School Principal,"Institutional Leadership, Budgeting, Educational Policy, Staff Recruitment, Community Engagement"
Agriculture,Farm Manager,"Operations Management, Supply Chain, Agricultural Finance, Labour Management, Equipment Maintenance"
Education,Curriculum Developer,"Instructional Design, Learning Outcomes, Educational Psychology, Content Creation, Pedagogy"
Civil Engineering,Site Engineer,"Execution Management, Surveying, Quality Control, Safety Supervision, Material Management"
Education,Curriculum Developer,"Instructional Design, Learning Outcomes, Educational Psychology, Content Creation, Pedagogy"
Medical,Pediatrician,"Child Development, Neonatal Care, Immunization, Pediatric Diagnosis, Patient Counseling, Nutrition"
Education,E-learning Specialist,"LMS Management, SCORM/AICC, Multimedia Content Creation, Instructional Design, Gamification"
Law,Compliance Officer,"Regulatory Monitoring, Risk Assessment, AML/KYC, Policy Drafting, Internal Controls, Reporting"
Hotel Management,Front Office Manager,"Opera/PMS, Reservation Management, Customer Relations, Upselling, Billing & Auditing"
UPSC,Public Policy Analyst,"Data Analysis, Policy Evaluation, Socio-economic Research, Report Writing, Stakeholder Engagement"
Agriculture,Farm Manager,"Operations Management, Supply Chain, Agricultural Finance, Labour Management, Equipment Maintenance"
Law,Compliance Officer,"Regulatory Monitoring, Risk Assessment, AML/KYC, Policy Drafting, Internal Controls, Reporting"
Civil Engineering,Site Engineer,"Execution Management, Surveying, Quality Control, Safety Supervision, Material Management"
Agriculture,Agricultural Consultant,"Farming Strategy, Soil Testing Interpretation, Subsidy Knowledge, Organic Standards, Agri-Business Planning"
Medical,Pediatrician,"Child Development, Neonatal Care, Immunization, Pediatric Diagnosis, Patient Counseling, Nutrition"
Computer Science,Backend Developer,"Java/Go/Python, SQL, NoSQL (Redis/MongoDB), Microservices, API Design, Docker, Message Queues (Kafka)"
Law,Compliance Officer,"Regulatory Monitoring, Risk Assessment, AML/KYC, Policy Drafting, Internal Controls, Reporting"
Civil Engineering,Construction Manager,"Project Scheduling, Cost Control, Resource Allocation, Contract Management, Primavera/MS Project"
Information Technology,IT Support Specialist,"Technical Troubleshooting, Hardware Maintenance, OS Installation, Customer Support, ITIL, ServiceNow"
Education,Academic Coordinator,"Curriculum Development, Teacher Training, Assessment Design, Accreditation, Parent-Teacher Relations"
Pharmacy,Medical Representative,"Product Knowledge, Sales & Marketing, Communication, Relationship Management, Market Research"
Pharmacy,Pharmacologist,"Drug Action Research, Toxicology, Molecular Biology, Clinical Trials, Pharmacokinetics, Lab Operations"
Computer Science,Software Engineer,"Java, Python, Data Structures, Algorithms, System Design, Git, Unit Testing, Agile Methodology"
Robotics,Embedded Systems Developer,"C/C++, Microcontrollers, RTOS, Device Drivers, Hardware Interfacing, PCB Design"
Medical,Pediatrician,"Child Development, Neonatal Care, Immunization, Pediatric Diagnosis, Patient Counseling, Nutrition"
Law,Corporate Lawyer,"Contract Drafting, Mergers & Acquisitions, Due Diligence, Company Law, Compliance, Negotiation"
Law,Legal Consultant,"Legal Research, Policy Analysis, Regulatory Compliance, Legal Opinion Writing, Dispute Resolution"
Computer Science,Software Engineer,"Java, Python, Data Structures, Algorithms, System Design, Git, Unit Testing, Agile Methodology"
Agriculture,Farm Manager,"Operations Management, Supply Chain, Agricultural Finance, Labour Management, Equipment Maintenance"
Medical,Medical Researcher,"Laboratory Techniques, Clinical Trials, Data Analysis (SPSS/SAS), Grant Writing, Biochemistry, Scientific Ethics"
Law,Compliance Officer,"Regulatory Monitoring, Risk Assessment, AML/KYC, Policy Drafting, Internal Controls, Reporting"
Environmental Science,Sustainability Manager,"ESG Reporting, CSR Strategy, Carbon Footprint Analysis, Resource Efficiency, Stakeholder Reporting"
Medical,Pediatrician,"Child Development, Neonatal Care, Immunization, Pediatric Diagnosis, Patient Counseling, Nutrition"
Robotics,Automation Developer,"PLC Programming, SCADA, Industrial IoT, Python, Machine Vision, Process Control"
Media,Content Strategist,"SEO, Content Auditing, Planning, UX Writing, Copywriting, Audience Analysis, Analytics"
Design,Fashion Designer,"Apparel Design, Sketching, Textile Knowledge, Pattern Making, Fashion Trends, Garment Construction"
UPSC,IPS Officer,"Law Enforcement, Internal Security, Investigation, Criminology, Public Order Management"
Computer Science,Data Scientist,"Python, R, Statistics, Machine Learning, SQL, Data Visualization (Tableau/PowerBI), Deep Learning, Big Data"
Law,Legal Consultant,"Legal Research, Policy Analysis, Regulatory Compliance, Legal Opinion Writing, Dispute Resolution"
Information Technology,System Administrator,"Linux/Windows Server, Shell Scripting, Networking, Active Directory, Virtualization (VMware/KVM), Security Patching"
Medical,Surgeon,"Surgical Procedures, Anatomy, Pre-operative Care, Medical Imaging Interpretation, Specialized Tool Handling"
Commerce,Auditor,"Internal Audit, Risk Assessment, Compliance Testing, Verification, Financial Analysis, Reporting"
Agriculture,Agronomist,"Soil Science, Crop Rotation, Pest Management, Irrigation Systems, Seed Technology, Climate Resilience"
Civil Engineering,Structural Engineer,"STAAD.Pro/ETABS, RCC Design, Steel Structures, AutoCAD, Load Calculations, Building Codes"
Design,Graphic Designer,"Adobe Illustrator/Photoshop, Branding, Typography, Layout Design, Motion Graphics, Print Media"
Law,IPR Lawyer,"Patent Drafting, Trademark Prosecution, Copyright Law, Intellectual Property Strategy, Licensing"
Information Technology,Cloud Architect,"AWS/Azure/GCP, Terraform, Kubernetes, Docker, Cloud Security, Serverless Computing, Infrastructure as Code"
Design,UI/UX Designer,"Figma, User Research, Wireframing, Prototyping, Usability Testing, Visual Design, Information Architecture"
Environmental Science,EHS Officer,"Industrial Safety, ISO 14001/45001, Risk Assessment, Compliance, Incident Investigation, Training"
Pharmacy,Medical Representative,"Product Knowledge, Sales & Marketing, Communication, Relationship Management, Market Research"
